0	NEUTRAL	81e47a19e6b29b0a65b9591762ce5143ed30d0261e5d24a3201752506b20f15c
0	0000000000000000000000000000000000000000000000000000000000000000	4a1931803561f431decab002e7425f0a8531d5e456a1a47fd9998a2530c0f800
0	000102030405060708090a0b0c0d0e0f101112131415161718191a1b1c1d1e1f	cf9e767e2c7a02130808195fc91f38b2a7d91f291077b0e54ed50cf6a717038c
1	NEUTRAL	12dd0a6a7d0e222a97926da03adb5a7768d31cc7c5c2bd6828e14a7d25fa3a60
1	0000000000000000000000000000000000000000000000000000000000000000	16ae1f981466eb1b9d792ba29837d73208451d3c15f9a6f9beeb6bfb603fb6d8
1	000102030405060708090a0b0c0d0e0f101112131415161718191a1b1c1d1e1f	c188908e860e6288de67523aaa2298ba69e17ce53e51b62fa6fd818e79022267
9223372036854775807	NEUTRAL	95c4c43f283ef3853d157826b5a2dc82b3a42b926f979e1315efb0011a4cfc40
9223372036854775807	0000000000000000000000000000000000000000000000000000000000000000	b54ff00ead53d9a5ee0e866a52e9b64690d0b727edb64fc892f335d5658ce14f
9223372036854775807	000102030405060708090a0b0c0d0e0f101112131415161718191a1b1c1d1e1f	5bd82115512e4416a33c2c3fa4736a93aa4b409b24b6e0523b93df715cf5ccc2
9223372036854775808	NEUTRAL	0e33ed7a88d89e985a9a7141bb27f9251258efc29c70b29272744c632247cf3f
9223372036854775808	0000000000000000000000000000000000000000000000000000000000000000	1cc6ecaf2163502fefa3e60a2390937c6244cc3300c2f53e764537eba076a069
9223372036854775808	000102030405060708090a0b0c0d0e0f101112131415161718191a1b1c1d1e1f	b248612e496ae1c5886058f4bf54936af07c9a862c77f0b9c5c0e9a408f0af65
18446744073709551615	NEUTRAL	e2d93df6a2e919e879551686bc301480fc50c54dc949b14b916d5834113bb061
18446744073709551615	0000000000000000000000000000000000000000000000000000000000000000	047eeba5913cdd8cf0341c8a58739be0e99942f6a400e5d74b7ebac2d60c51fd
18446744073709551615	000102030405060708090a0b0c0d0e0f101112131415161718191a1b1c1d1e1f	e554222900f9e9c2038bf65e3da3d03b11cb1279d5ce6faafec9634828b59272
