70070331/original	70070331	a7c4477e9fcfd519bf7dcba0d4ffe35a399125534bc8c60fa89ff6b50a060a7a	3997f8cde4ebadc8993fb0e73c88a7058ec089a6311cc1f930388b9114fc3c99	b79f2b0ae56a4d0ad6540f9ad656322f7ad7cc37b44317796a0152b5ea42827bb20792111042e5bdddccba6389b4cfa8ae79cfdfa89cddcfb2e9319034f2a8f41cc258d5dab2f50dff9be7d1529b7603	52ab0463edbd060fb2e293300f5b627b05954deeb852ac345c519c43591f9cfe59ee996295aaad630c0ad5cdd5246e0b86781441d07f645721650a6e08c0afbe	6f6ce291f2aa2c68729aa1c30e8d225e3154aa8678f34e0dedad9f69f5ecd8d9	VERIFIED:52ab0463edbd060fb2e293300f5b627b05954deeb852ac345c519c43591f9cfe59ee996295aaad630c0ad5cdd5246e0b86781441d07f645721650a6e08c0afbe
70070331/wrong-slot	70070332	a7c4477e9fcfd519bf7dcba0d4ffe35a399125534bc8c60fa89ff6b50a060a7a	3997f8cde4ebadc8993fb0e73c88a7058ec089a6311cc1f930388b9114fc3c99	b79f2b0ae56a4d0ad6540f9ad656322f7ad7cc37b44317796a0152b5ea42827bb20792111042e5bdddccba6389b4cfa8ae79cfdfa89cddcfb2e9319034f2a8f41cc258d5dab2f50dff9be7d1529b7603	52ab0463edbd060fb2e293300f5b627b05954deeb852ac345c519c43591f9cfe59ee996295aaad630c0ad5cdd5246e0b86781441d07f645721650a6e08c0afbe	1f58a69e8da030773397d9a5bd15845f3c066fba85bbd1ef040b0d6d7c576243	PROOF_REJECTED
70070331/little-endian-slot	4264958342322978816	a7c4477e9fcfd519bf7dcba0d4ffe35a399125534bc8c60fa89ff6b50a060a7a	3997f8cde4ebadc8993fb0e73c88a7058ec089a6311cc1f930388b9114fc3c99	b79f2b0ae56a4d0ad6540f9ad656322f7ad7cc37b44317796a0152b5ea42827bb20792111042e5bdddccba6389b4cfa8ae79cfdfa89cddcfb2e9319034f2a8f41cc258d5dab2f50dff9be7d1529b7603	52ab0463edbd060fb2e293300f5b627b05954deeb852ac345c519c43591f9cfe59ee996295aaad630c0ad5cdd5246e0b86781441d07f645721650a6e08c0afbe	040fd6bdbe205da821ae9ba9fe41f19284fae8f3ca3ef510a8c13402975cc405	PROOF_REJECTED
70070331/neutral-nonce	70070331	NEUTRAL	3997f8cde4ebadc8993fb0e73c88a7058ec089a6311cc1f930388b9114fc3c99	b79f2b0ae56a4d0ad6540f9ad656322f7ad7cc37b44317796a0152b5ea42827bb20792111042e5bdddccba6389b4cfa8ae79cfdfa89cddcfb2e9319034f2a8f41cc258d5dab2f50dff9be7d1529b7603	52ab0463edbd060fb2e293300f5b627b05954deeb852ac345c519c43591f9cfe59ee996295aaad630c0ad5cdd5246e0b86781441d07f645721650a6e08c0afbe	2aeb19463b8455f6050c51b90af72404105697e6df36e2125a8faaa9258a10c1	PROOF_REJECTED
70070331/wrong-nonce	70070331	0000000000000000000000000000000000000000000000000000000000000000	3997f8cde4ebadc8993fb0e73c88a7058ec089a6311cc1f930388b9114fc3c99	b79f2b0ae56a4d0ad6540f9ad656322f7ad7cc37b44317796a0152b5ea42827bb20792111042e5bdddccba6389b4cfa8ae79cfdfa89cddcfb2e9319034f2a8f41cc258d5dab2f50dff9be7d1529b7603	52ab0463edbd060fb2e293300f5b627b05954deeb852ac345c519c43591f9cfe59ee996295aaad630c0ad5cdd5246e0b86781441d07f645721650a6e08c0afbe	a7002ef2f44bfb1383f6deba72eabb3d7cb5b9663465b9ae91f048de78a91549	PROOF_REJECTED
70070331/proof-bit	70070331	a7c4477e9fcfd519bf7dcba0d4ffe35a399125534bc8c60fa89ff6b50a060a7a	3997f8cde4ebadc8993fb0e73c88a7058ec089a6311cc1f930388b9114fc3c99	b69f2b0ae56a4d0ad6540f9ad656322f7ad7cc37b44317796a0152b5ea42827bb20792111042e5bdddccba6389b4cfa8ae79cfdfa89cddcfb2e9319034f2a8f41cc258d5dab2f50dff9be7d1529b7603	52ab0463edbd060fb2e293300f5b627b05954deeb852ac345c519c43591f9cfe59ee996295aaad630c0ad5cdd5246e0b86781441d07f645721650a6e08c0afbe	6f6ce291f2aa2c68729aa1c30e8d225e3154aa8678f34e0dedad9f69f5ecd8d9	PROOF_REJECTED
70070331/key-bit	70070331	a7c4477e9fcfd519bf7dcba0d4ffe35a399125534bc8c60fa89ff6b50a060a7a	3897f8cde4ebadc8993fb0e73c88a7058ec089a6311cc1f930388b9114fc3c99	b79f2b0ae56a4d0ad6540f9ad656322f7ad7cc37b44317796a0152b5ea42827bb20792111042e5bdddccba6389b4cfa8ae79cfdfa89cddcfb2e9319034f2a8f41cc258d5dab2f50dff9be7d1529b7603	52ab0463edbd060fb2e293300f5b627b05954deeb852ac345c519c43591f9cfe59ee996295aaad630c0ad5cdd5246e0b86781441d07f645721650a6e08c0afbe	6f6ce291f2aa2c68729aa1c30e8d225e3154aa8678f34e0dedad9f69f5ecd8d9	PROOF_REJECTED
70070331/claim-bit	70070331	a7c4477e9fcfd519bf7dcba0d4ffe35a399125534bc8c60fa89ff6b50a060a7a	3997f8cde4ebadc8993fb0e73c88a7058ec089a6311cc1f930388b9114fc3c99	b79f2b0ae56a4d0ad6540f9ad656322f7ad7cc37b44317796a0152b5ea42827bb20792111042e5bdddccba6389b4cfa8ae79cfdfa89cddcfb2e9319034f2a8f41cc258d5dab2f50dff9be7d1529b7603	53ab0463edbd060fb2e293300f5b627b05954deeb852ac345c519c43591f9cfe59ee996295aaad630c0ad5cdd5246e0b86781441d07f645721650a6e08c0afbe	6f6ce291f2aa2c68729aa1c30e8d225e3154aa8678f34e0dedad9f69f5ecd8d9	OUTPUT_MISMATCH
70070379/original	70070379	a7c4477e9fcfd519bf7dcba0d4ffe35a399125534bc8c60fa89ff6b50a060a7a	37d6147adbf2907948d66f9e4751774bbe9d6c4ad562ce04ef66f0fc1e7ac301	82727ea8891dfd982008f87e24947dbbe635fb915e7e623e8c2adfc5c830be6c85f00d1dc854616c7e6c7a1df1327673ecdb7c504e61d67780e0193516023011c42117da91ed804141d34ac2ea56f603	2250ec058c8b342cd553a5d9894d279bd4da9849146fa73adf9327289543b691ccaf4db88acd83f602e5f4c6d3dc3f1479e00a4c03a3ad3a258a47625739d776	20809039e5571feec5f322ea62131aeebf7ff862e1d09ae21d680bafc3b7cd70	VERIFIED:2250ec058c8b342cd553a5d9894d279bd4da9849146fa73adf9327289543b691ccaf4db88acd83f602e5f4c6d3dc3f1479e00a4c03a3ad3a258a47625739d776
70070379/wrong-slot	70070380	a7c4477e9fcfd519bf7dcba0d4ffe35a399125534bc8c60fa89ff6b50a060a7a	37d6147adbf2907948d66f9e4751774bbe9d6c4ad562ce04ef66f0fc1e7ac301	82727ea8891dfd982008f87e24947dbbe635fb915e7e623e8c2adfc5c830be6c85f00d1dc854616c7e6c7a1df1327673ecdb7c504e61d67780e0193516023011c42117da91ed804141d34ac2ea56f603	2250ec058c8b342cd553a5d9894d279bd4da9849146fa73adf9327289543b691ccaf4db88acd83f602e5f4c6d3dc3f1479e00a4c03a3ad3a258a47625739d776	75ac9cd8b9082c4c545dc58b2591c0fe53e925e870700851890afa065240ee79	PROOF_REJECTED
70070379/little-endian-slot	7723722856143519744	a7c4477e9fcfd519bf7dcba0d4ffe35a399125534bc8c60fa89ff6b50a060a7a	37d6147adbf2907948d66f9e4751774bbe9d6c4ad562ce04ef66f0fc1e7ac301	82727ea8891dfd982008f87e24947dbbe635fb915e7e623e8c2adfc5c830be6c85f00d1dc854616c7e6c7a1df1327673ecdb7c504e61d67780e0193516023011c42117da91ed804141d34ac2ea56f603	2250ec058c8b342cd553a5d9894d279bd4da9849146fa73adf9327289543b691ccaf4db88acd83f602e5f4c6d3dc3f1479e00a4c03a3ad3a258a47625739d776	2c261d31f9b949bd36157de0b204af486cbec512994c92fc0f91cace7ab23728	PROOF_REJECTED
70070379/neutral-nonce	70070379	NEUTRAL	37d6147adbf2907948d66f9e4751774bbe9d6c4ad562ce04ef66f0fc1e7ac301	82727ea8891dfd982008f87e24947dbbe635fb915e7e623e8c2adfc5c830be6c85f00d1dc854616c7e6c7a1df1327673ecdb7c504e61d67780e0193516023011c42117da91ed804141d34ac2ea56f603	2250ec058c8b342cd553a5d9894d279bd4da9849146fa73adf9327289543b691ccaf4db88acd83f602e5f4c6d3dc3f1479e00a4c03a3ad3a258a47625739d776	3a28f9317be22acb73ed1d8cbb1f9a73b1edda0ea4483ab89eca8f08fa87dcd0	PROOF_REJECTED
70070379/wrong-nonce	70070379	0000000000000000000000000000000000000000000000000000000000000000	37d6147adbf2907948d66f9e4751774bbe9d6c4ad562ce04ef66f0fc1e7ac301	82727ea8891dfd982008f87e24947dbbe635fb915e7e623e8c2adfc5c830be6c85f00d1dc854616c7e6c7a1df1327673ecdb7c504e61d67780e0193516023011c42117da91ed804141d34ac2ea56f603	2250ec058c8b342cd553a5d9894d279bd4da9849146fa73adf9327289543b691ccaf4db88acd83f602e5f4c6d3dc3f1479e00a4c03a3ad3a258a47625739d776	f674d8c1f0debeb57d82011a0433cda36a07709a52f0a2e1112f0104a0f69d6b	PROOF_REJECTED
70070379/proof-bit	70070379	a7c4477e9fcfd519bf7dcba0d4ffe35a399125534bc8c60fa89ff6b50a060a7a	37d6147adbf2907948d66f9e4751774bbe9d6c4ad562ce04ef66f0fc1e7ac301	83727ea8891dfd982008f87e24947dbbe635fb915e7e623e8c2adfc5c830be6c85f00d1dc854616c7e6c7a1df1327673ecdb7c504e61d67780e0193516023011c42117da91ed804141d34ac2ea56f603	2250ec058c8b342cd553a5d9894d279bd4da9849146fa73adf9327289543b691ccaf4db88acd83f602e5f4c6d3dc3f1479e00a4c03a3ad3a258a47625739d776	20809039e5571feec5f322ea62131aeebf7ff862e1d09ae21d680bafc3b7cd70	PROOF_REJECTED
70070379/key-bit	70070379	a7c4477e9fcfd519bf7dcba0d4ffe35a399125534bc8c60fa89ff6b50a060a7a	36d6147adbf2907948d66f9e4751774bbe9d6c4ad562ce04ef66f0fc1e7ac301	82727ea8891dfd982008f87e24947dbbe635fb915e7e623e8c2adfc5c830be6c85f00d1dc854616c7e6c7a1df1327673ecdb7c504e61d67780e0193516023011c42117da91ed804141d34ac2ea56f603	2250ec058c8b342cd553a5d9894d279bd4da9849146fa73adf9327289543b691ccaf4db88acd83f602e5f4c6d3dc3f1479e00a4c03a3ad3a258a47625739d776	20809039e5571feec5f322ea62131aeebf7ff862e1d09ae21d680bafc3b7cd70	PROOF_REJECTED
70070379/claim-bit	70070379	a7c4477e9fcfd519bf7dcba0d4ffe35a399125534bc8c60fa89ff6b50a060a7a	37d6147adbf2907948d66f9e4751774bbe9d6c4ad562ce04ef66f0fc1e7ac301	82727ea8891dfd982008f87e24947dbbe635fb915e7e623e8c2adfc5c830be6c85f00d1dc854616c7e6c7a1df1327673ecdb7c504e61d67780e0193516023011c42117da91ed804141d34ac2ea56f603	2350ec058c8b342cd553a5d9894d279bd4da9849146fa73adf9327289543b691ccaf4db88acd83f602e5f4c6d3dc3f1479e00a4c03a3ad3a258a47625739d776	20809039e5571feec5f322ea62131aeebf7ff862e1d09ae21d680bafc3b7cd70	OUTPUT_MISMATCH
70070426/original	70070426	b2853ec951e7ed91b674a47c8276189f414e22b19d61d9da0ac7490801e4bf0d	3997f8cde4ebadc8993fb0e73c88a7058ec089a6311cc1f930388b9114fc3c99	afa092fe6166ec155d6c3e0279fb072bc30729561b19f8bf4a4ce9ea836b478a2e977b48b78bb3e96beada2185e4aadc5e380d33f72b507132f6eb3aa20e29780599f75a8dd68a41cbc76f9640d6d50b	ca51a38e1f18f970001d0d7ccca44f6be38a988a709981b69ba498ca96884181f242756650461391873df49856b8f9d2ac5a77ea579d0df5584a1651d4a37647	2eb2b421c861609c2418ea4a386b5754a97887a5abd964674c539326d8c22cde	VERIFIED:ca51a38e1f18f970001d0d7ccca44f6be38a988a709981b69ba498ca96884181f242756650461391873df49856b8f9d2ac5a77ea579d0df5584a1651d4a37647
70070464/original	70070464	b2853ec951e7ed91b674a47c8276189f414e22b19d61d9da0ac7490801e4bf0d	511fc79e3c4d44316fd7e16d7fbb20f55093cf6e3cd749f0f6cb328ee8cd270e	e74079fda7deb76c625557433fe214befa14a624af1e8a7a735f3e54f80cbd4a7b8d8a1ca4d16335dda7607c7afdd30e1c17fb3f795a1ff56a63b2b86aaf7fc5b5919f6f2d73394167f4bc31e6539709	6c70db814ab6cbe7623b0316a4b82ec99ad94600777efe985bcb19d959c48d87e60b40f2fe58abdcf5563321176de0cc1a3e21e5041894b0cf22213decf476b4	d5c47199e35dd104984eab6148f09cf715b95c99258abb975aa01f2ad55c9e5e	VERIFIED:6c70db814ab6cbe7623b0316a4b82ec99ad94600777efe985bcb19d959c48d87e60b40f2fe58abdcf5563321176de0cc1a3e21e5041894b0cf22213decf476b4
