rerun-v0	VALID:5b49b554d05c0cd5a5325376b3387de59d924fd1e13ded44648ab33c21349a603f25b84ec5ed887995b33da5e3bfcb87cd2f64521c4c62cf825cffabbe5d31cc
rerun-v0-upstream-bitflip-0	INVALID
rerun-v0-upstream-bitflip-32	INVALID
rerun-v0-upstream-bitflip-48	INVALID
rerun-v0-upstream-bitflip-79	INVALID
rerun-v0-bit-0-0	INVALID
rerun-v0-bit-0-1	INVALID
rerun-v0-bit-0-2	INVALID
rerun-v0-bit-0-3	INVALID
rerun-v0-bit-0-4	INVALID
rerun-v0-bit-0-5	INVALID
rerun-v0-bit-0-6	INVALID
rerun-v0-bit-0-7	INVALID
rerun-v0-bit-1-0	INVALID
rerun-v0-bit-1-1	INVALID
rerun-v0-bit-1-2	INVALID
rerun-v0-bit-1-3	INVALID
rerun-v0-bit-1-4	INVALID
rerun-v0-bit-1-5	INVALID
rerun-v0-bit-1-6	INVALID
rerun-v0-bit-1-7	INVALID
rerun-v0-bit-2-0	INVALID
rerun-v0-bit-2-1	INVALID
rerun-v0-bit-2-2	INVALID
rerun-v0-bit-2-3	INVALID
rerun-v0-bit-2-4	INVALID
rerun-v0-bit-2-5	INVALID
rerun-v0-bit-2-6	INVALID
rerun-v0-bit-2-7	INVALID
rerun-v0-bit-3-0	INVALID
rerun-v0-bit-3-1	INVALID
rerun-v0-bit-3-2	INVALID
rerun-v0-bit-3-3	INVALID
rerun-v0-bit-3-4	INVALID
rerun-v0-bit-3-5	INVALID
rerun-v0-bit-3-6	INVALID
rerun-v0-bit-3-7	INVALID
rerun-v0-bit-4-0	INVALID
rerun-v0-bit-4-1	INVALID
rerun-v0-bit-4-2	INVALID
rerun-v0-bit-4-3	INVALID
rerun-v0-bit-4-4	INVALID
rerun-v0-bit-4-5	INVALID
rerun-v0-bit-4-6	INVALID
rerun-v0-bit-4-7	INVALID
rerun-v0-bit-5-0	INVALID
rerun-v0-bit-5-1	INVALID
rerun-v0-bit-5-2	INVALID
rerun-v0-bit-5-3	INVALID
rerun-v0-bit-5-4	INVALID
rerun-v0-bit-5-5	INVALID
rerun-v0-bit-5-6	INVALID
rerun-v0-bit-5-7	INVALID
rerun-v0-bit-6-0	INVALID
rerun-v0-bit-6-1	INVALID
rerun-v0-bit-6-2	INVALID
rerun-v0-bit-6-3	INVALID
rerun-v0-bit-6-4	INVALID
rerun-v0-bit-6-5	INVALID
rerun-v0-bit-6-6	INVALID
rerun-v0-bit-6-7	INVALID
rerun-v0-bit-7-0	INVALID
rerun-v0-bit-7-1	INVALID
rerun-v0-bit-7-2	INVALID
rerun-v0-bit-7-3	INVALID
rerun-v0-bit-7-4	INVALID
rerun-v0-bit-7-5	INVALID
rerun-v0-bit-7-6	INVALID
rerun-v0-bit-7-7	INVALID
rerun-v0-bit-8-0	INVALID
rerun-v0-bit-8-1	INVALID
rerun-v0-bit-8-2	INVALID
rerun-v0-bit-8-3	INVALID
rerun-v0-bit-8-4	INVALID
rerun-v0-bit-8-5	INVALID
rerun-v0-bit-8-6	INVALID
rerun-v0-bit-8-7	INVALID
rerun-v0-bit-9-0	INVALID
rerun-v0-bit-9-1	INVALID
rerun-v0-bit-9-2	INVALID
rerun-v0-bit-9-3	INVALID
rerun-v0-bit-9-4	INVALID
rerun-v0-bit-9-5	INVALID
rerun-v0-bit-9-6	INVALID
rerun-v0-bit-9-7	INVALID
rerun-v0-bit-10-0	INVALID
rerun-v0-bit-10-1	INVALID
rerun-v0-bit-10-2	INVALID
rerun-v0-bit-10-3	INVALID
rerun-v0-bit-10-4	INVALID
rerun-v0-bit-10-5	INVALID
rerun-v0-bit-10-6	INVALID
rerun-v0-bit-10-7	INVALID
rerun-v0-bit-11-0	INVALID
rerun-v0-bit-11-1	INVALID
rerun-v0-bit-11-2	INVALID
rerun-v0-bit-11-3	INVALID
rerun-v0-bit-11-4	INVALID
rerun-v0-bit-11-5	INVALID
rerun-v0-bit-11-6	INVALID
rerun-v0-bit-11-7	INVALID
rerun-v0-bit-12-0	INVALID
rerun-v0-bit-12-1	INVALID
rerun-v0-bit-12-2	INVALID
rerun-v0-bit-12-3	INVALID
rerun-v0-bit-12-4	INVALID
rerun-v0-bit-12-5	INVALID
rerun-v0-bit-12-6	INVALID
rerun-v0-bit-12-7	INVALID
rerun-v0-bit-13-0	INVALID
rerun-v0-bit-13-1	INVALID
rerun-v0-bit-13-2	INVALID
rerun-v0-bit-13-3	INVALID
rerun-v0-bit-13-4	INVALID
rerun-v0-bit-13-5	INVALID
rerun-v0-bit-13-6	INVALID
rerun-v0-bit-13-7	INVALID
rerun-v0-bit-14-0	INVALID
rerun-v0-bit-14-1	INVALID
rerun-v0-bit-14-2	INVALID
rerun-v0-bit-14-3	INVALID
rerun-v0-bit-14-4	INVALID
rerun-v0-bit-14-5	INVALID
rerun-v0-bit-14-6	INVALID
rerun-v0-bit-14-7	INVALID
rerun-v0-bit-15-0	INVALID
rerun-v0-bit-15-1	INVALID
rerun-v0-bit-15-2	INVALID
rerun-v0-bit-15-3	INVALID
rerun-v0-bit-15-4	INVALID
rerun-v0-bit-15-5	INVALID
rerun-v0-bit-15-6	INVALID
rerun-v0-bit-15-7	INVALID
rerun-v0-bit-16-0	INVALID
rerun-v0-bit-16-1	INVALID
rerun-v0-bit-16-2	INVALID
rerun-v0-bit-16-3	INVALID
rerun-v0-bit-16-4	INVALID
rerun-v0-bit-16-5	INVALID
rerun-v0-bit-16-6	INVALID
rerun-v0-bit-16-7	INVALID
rerun-v0-bit-17-0	INVALID
rerun-v0-bit-17-1	INVALID
rerun-v0-bit-17-2	INVALID
rerun-v0-bit-17-3	INVALID
rerun-v0-bit-17-4	INVALID
rerun-v0-bit-17-5	INVALID
rerun-v0-bit-17-6	INVALID
rerun-v0-bit-17-7	INVALID
rerun-v0-bit-18-0	INVALID
rerun-v0-bit-18-1	INVALID
rerun-v0-bit-18-2	INVALID
rerun-v0-bit-18-3	INVALID
rerun-v0-bit-18-4	INVALID
rerun-v0-bit-18-5	INVALID
rerun-v0-bit-18-6	INVALID
rerun-v0-bit-18-7	INVALID
rerun-v0-bit-19-0	INVALID
rerun-v0-bit-19-1	INVALID
rerun-v0-bit-19-2	INVALID
rerun-v0-bit-19-3	INVALID
rerun-v0-bit-19-4	INVALID
rerun-v0-bit-19-5	INVALID
rerun-v0-bit-19-6	INVALID
rerun-v0-bit-19-7	INVALID
rerun-v0-bit-20-0	INVALID
rerun-v0-bit-20-1	INVALID
rerun-v0-bit-20-2	INVALID
rerun-v0-bit-20-3	INVALID
rerun-v0-bit-20-4	INVALID
rerun-v0-bit-20-5	INVALID
rerun-v0-bit-20-6	INVALID
rerun-v0-bit-20-7	INVALID
rerun-v0-bit-21-0	INVALID
rerun-v0-bit-21-1	INVALID
rerun-v0-bit-21-2	INVALID
rerun-v0-bit-21-3	INVALID
rerun-v0-bit-21-4	INVALID
rerun-v0-bit-21-5	INVALID
rerun-v0-bit-21-6	INVALID
rerun-v0-bit-21-7	INVALID
rerun-v0-bit-22-0	INVALID
rerun-v0-bit-22-1	INVALID
rerun-v0-bit-22-2	INVALID
rerun-v0-bit-22-3	INVALID
rerun-v0-bit-22-4	INVALID
rerun-v0-bit-22-5	INVALID
rerun-v0-bit-22-6	INVALID
rerun-v0-bit-22-7	INVALID
rerun-v0-bit-23-0	INVALID
rerun-v0-bit-23-1	INVALID
rerun-v0-bit-23-2	INVALID
rerun-v0-bit-23-3	INVALID
rerun-v0-bit-23-4	INVALID
rerun-v0-bit-23-5	INVALID
rerun-v0-bit-23-6	INVALID
rerun-v0-bit-23-7	INVALID
rerun-v0-bit-24-0	INVALID
rerun-v0-bit-24-1	INVALID
rerun-v0-bit-24-2	INVALID
rerun-v0-bit-24-3	INVALID
rerun-v0-bit-24-4	INVALID
rerun-v0-bit-24-5	INVALID
rerun-v0-bit-24-6	INVALID
rerun-v0-bit-24-7	INVALID
rerun-v0-bit-25-0	INVALID
rerun-v0-bit-25-1	INVALID
rerun-v0-bit-25-2	INVALID
rerun-v0-bit-25-3	INVALID
rerun-v0-bit-25-4	INVALID
rerun-v0-bit-25-5	INVALID
rerun-v0-bit-25-6	INVALID
rerun-v0-bit-25-7	INVALID
rerun-v0-bit-26-0	INVALID
rerun-v0-bit-26-1	INVALID
rerun-v0-bit-26-2	INVALID
rerun-v0-bit-26-3	INVALID
rerun-v0-bit-26-4	INVALID
rerun-v0-bit-26-5	INVALID
rerun-v0-bit-26-6	INVALID
rerun-v0-bit-26-7	INVALID
rerun-v0-bit-27-0	INVALID
rerun-v0-bit-27-1	INVALID
rerun-v0-bit-27-2	INVALID
rerun-v0-bit-27-3	INVALID
rerun-v0-bit-27-4	INVALID
rerun-v0-bit-27-5	INVALID
rerun-v0-bit-27-6	INVALID
rerun-v0-bit-27-7	INVALID
rerun-v0-bit-28-0	INVALID
rerun-v0-bit-28-1	INVALID
rerun-v0-bit-28-2	INVALID
rerun-v0-bit-28-3	INVALID
rerun-v0-bit-28-4	INVALID
rerun-v0-bit-28-5	INVALID
rerun-v0-bit-28-6	INVALID
rerun-v0-bit-28-7	INVALID
rerun-v0-bit-29-0	INVALID
rerun-v0-bit-29-1	INVALID
rerun-v0-bit-29-2	INVALID
rerun-v0-bit-29-3	INVALID
rerun-v0-bit-29-4	INVALID
rerun-v0-bit-29-5	INVALID
rerun-v0-bit-29-6	INVALID
rerun-v0-bit-29-7	INVALID
rerun-v0-bit-30-0	INVALID
rerun-v0-bit-30-1	INVALID
rerun-v0-bit-30-2	INVALID
rerun-v0-bit-30-3	INVALID
rerun-v0-bit-30-4	INVALID
rerun-v0-bit-30-5	INVALID
rerun-v0-bit-30-6	INVALID
rerun-v0-bit-30-7	INVALID
rerun-v0-bit-31-0	INVALID
rerun-v0-bit-31-1	INVALID
rerun-v0-bit-31-2	INVALID
rerun-v0-bit-31-3	INVALID
rerun-v0-bit-31-4	INVALID
rerun-v0-bit-31-5	INVALID
rerun-v0-bit-31-6	INVALID
rerun-v0-bit-31-7	INVALID
rerun-v0-bit-32-0	INVALID
rerun-v0-bit-32-1	INVALID
rerun-v0-bit-32-2	INVALID
rerun-v0-bit-32-3	INVALID
rerun-v0-bit-32-4	INVALID
rerun-v0-bit-32-5	INVALID
rerun-v0-bit-32-6	INVALID
rerun-v0-bit-32-7	INVALID
rerun-v0-bit-33-0	INVALID
rerun-v0-bit-33-1	INVALID
rerun-v0-bit-33-2	INVALID
rerun-v0-bit-33-3	INVALID
rerun-v0-bit-33-4	INVALID
rerun-v0-bit-33-5	INVALID
rerun-v0-bit-33-6	INVALID
rerun-v0-bit-33-7	INVALID
rerun-v0-bit-34-0	INVALID
rerun-v0-bit-34-1	INVALID
rerun-v0-bit-34-2	INVALID
rerun-v0-bit-34-3	INVALID
rerun-v0-bit-34-4	INVALID
rerun-v0-bit-34-5	INVALID
rerun-v0-bit-34-6	INVALID
rerun-v0-bit-34-7	INVALID
rerun-v0-bit-35-0	INVALID
rerun-v0-bit-35-1	INVALID
rerun-v0-bit-35-2	INVALID
rerun-v0-bit-35-3	INVALID
rerun-v0-bit-35-4	INVALID
rerun-v0-bit-35-5	INVALID
rerun-v0-bit-35-6	INVALID
rerun-v0-bit-35-7	INVALID
rerun-v0-bit-36-0	INVALID
rerun-v0-bit-36-1	INVALID
rerun-v0-bit-36-2	INVALID
rerun-v0-bit-36-3	INVALID
rerun-v0-bit-36-4	INVALID
rerun-v0-bit-36-5	INVALID
rerun-v0-bit-36-6	INVALID
rerun-v0-bit-36-7	INVALID
rerun-v0-bit-37-0	INVALID
rerun-v0-bit-37-1	INVALID
rerun-v0-bit-37-2	INVALID
rerun-v0-bit-37-3	INVALID
rerun-v0-bit-37-4	INVALID
rerun-v0-bit-37-5	INVALID
rerun-v0-bit-37-6	INVALID
rerun-v0-bit-37-7	INVALID
rerun-v0-bit-38-0	INVALID
rerun-v0-bit-38-1	INVALID
rerun-v0-bit-38-2	INVALID
rerun-v0-bit-38-3	INVALID
rerun-v0-bit-38-4	INVALID
rerun-v0-bit-38-5	INVALID
rerun-v0-bit-38-6	INVALID
rerun-v0-bit-38-7	INVALID
rerun-v0-bit-39-0	INVALID
rerun-v0-bit-39-1	INVALID
rerun-v0-bit-39-2	INVALID
rerun-v0-bit-39-3	INVALID
rerun-v0-bit-39-4	INVALID
rerun-v0-bit-39-5	INVALID
rerun-v0-bit-39-6	INVALID
rerun-v0-bit-39-7	INVALID
rerun-v0-bit-40-0	INVALID
rerun-v0-bit-40-1	INVALID
rerun-v0-bit-40-2	INVALID
rerun-v0-bit-40-3	INVALID
rerun-v0-bit-40-4	INVALID
rerun-v0-bit-40-5	INVALID
rerun-v0-bit-40-6	INVALID
rerun-v0-bit-40-7	INVALID
rerun-v0-bit-41-0	INVALID
rerun-v0-bit-41-1	INVALID
rerun-v0-bit-41-2	INVALID
rerun-v0-bit-41-3	INVALID
rerun-v0-bit-41-4	INVALID
rerun-v0-bit-41-5	INVALID
rerun-v0-bit-41-6	INVALID
rerun-v0-bit-41-7	INVALID
rerun-v0-bit-42-0	INVALID
rerun-v0-bit-42-1	INVALID
rerun-v0-bit-42-2	INVALID
rerun-v0-bit-42-3	INVALID
rerun-v0-bit-42-4	INVALID
rerun-v0-bit-42-5	INVALID
rerun-v0-bit-42-6	INVALID
rerun-v0-bit-42-7	INVALID
rerun-v0-bit-43-0	INVALID
rerun-v0-bit-43-1	INVALID
rerun-v0-bit-43-2	INVALID
rerun-v0-bit-43-3	INVALID
rerun-v0-bit-43-4	INVALID
rerun-v0-bit-43-5	INVALID
rerun-v0-bit-43-6	INVALID
rerun-v0-bit-43-7	INVALID
rerun-v0-bit-44-0	INVALID
rerun-v0-bit-44-1	INVALID
rerun-v0-bit-44-2	INVALID
rerun-v0-bit-44-3	INVALID
rerun-v0-bit-44-4	INVALID
rerun-v0-bit-44-5	INVALID
rerun-v0-bit-44-6	INVALID
rerun-v0-bit-44-7	INVALID
rerun-v0-bit-45-0	INVALID
rerun-v0-bit-45-1	INVALID
rerun-v0-bit-45-2	INVALID
rerun-v0-bit-45-3	INVALID
rerun-v0-bit-45-4	INVALID
rerun-v0-bit-45-5	INVALID
rerun-v0-bit-45-6	INVALID
rerun-v0-bit-45-7	INVALID
rerun-v0-bit-46-0	INVALID
rerun-v0-bit-46-1	INVALID
rerun-v0-bit-46-2	INVALID
rerun-v0-bit-46-3	INVALID
rerun-v0-bit-46-4	INVALID
rerun-v0-bit-46-5	INVALID
rerun-v0-bit-46-6	INVALID
rerun-v0-bit-46-7	INVALID
rerun-v0-bit-47-0	INVALID
rerun-v0-bit-47-1	INVALID
rerun-v0-bit-47-2	INVALID
rerun-v0-bit-47-3	INVALID
rerun-v0-bit-47-4	INVALID
rerun-v0-bit-47-5	INVALID
rerun-v0-bit-47-6	INVALID
rerun-v0-bit-47-7	INVALID
rerun-v0-bit-48-0	INVALID
rerun-v0-bit-48-1	INVALID
rerun-v0-bit-48-2	INVALID
rerun-v0-bit-48-3	INVALID
rerun-v0-bit-48-4	INVALID
rerun-v0-bit-48-5	INVALID
rerun-v0-bit-48-6	INVALID
rerun-v0-bit-48-7	INVALID
rerun-v0-bit-49-0	INVALID
rerun-v0-bit-49-1	INVALID
rerun-v0-bit-49-2	INVALID
rerun-v0-bit-49-3	INVALID
rerun-v0-bit-49-4	INVALID
rerun-v0-bit-49-5	INVALID
rerun-v0-bit-49-6	INVALID
rerun-v0-bit-49-7	INVALID
rerun-v0-bit-50-0	INVALID
rerun-v0-bit-50-1	INVALID
rerun-v0-bit-50-2	INVALID
rerun-v0-bit-50-3	INVALID
rerun-v0-bit-50-4	INVALID
rerun-v0-bit-50-5	INVALID
rerun-v0-bit-50-6	INVALID
rerun-v0-bit-50-7	INVALID
rerun-v0-bit-51-0	INVALID
rerun-v0-bit-51-1	INVALID
rerun-v0-bit-51-2	INVALID
rerun-v0-bit-51-3	INVALID
rerun-v0-bit-51-4	INVALID
rerun-v0-bit-51-5	INVALID
rerun-v0-bit-51-6	INVALID
rerun-v0-bit-51-7	INVALID
rerun-v0-bit-52-0	INVALID
rerun-v0-bit-52-1	INVALID
rerun-v0-bit-52-2	INVALID
rerun-v0-bit-52-3	INVALID
rerun-v0-bit-52-4	INVALID
rerun-v0-bit-52-5	INVALID
rerun-v0-bit-52-6	INVALID
rerun-v0-bit-52-7	INVALID
rerun-v0-bit-53-0	INVALID
rerun-v0-bit-53-1	INVALID
rerun-v0-bit-53-2	INVALID
rerun-v0-bit-53-3	INVALID
rerun-v0-bit-53-4	INVALID
rerun-v0-bit-53-5	INVALID
rerun-v0-bit-53-6	INVALID
rerun-v0-bit-53-7	INVALID
rerun-v0-bit-54-0	INVALID
rerun-v0-bit-54-1	INVALID
rerun-v0-bit-54-2	INVALID
rerun-v0-bit-54-3	INVALID
rerun-v0-bit-54-4	INVALID
rerun-v0-bit-54-5	INVALID
rerun-v0-bit-54-6	INVALID
rerun-v0-bit-54-7	INVALID
rerun-v0-bit-55-0	INVALID
rerun-v0-bit-55-1	INVALID
rerun-v0-bit-55-2	INVALID
rerun-v0-bit-55-3	INVALID
rerun-v0-bit-55-4	INVALID
rerun-v0-bit-55-5	INVALID
rerun-v0-bit-55-6	INVALID
rerun-v0-bit-55-7	INVALID
rerun-v0-bit-56-0	INVALID
rerun-v0-bit-56-1	INVALID
rerun-v0-bit-56-2	INVALID
rerun-v0-bit-56-3	INVALID
rerun-v0-bit-56-4	INVALID
rerun-v0-bit-56-5	INVALID
rerun-v0-bit-56-6	INVALID
rerun-v0-bit-56-7	INVALID
rerun-v0-bit-57-0	INVALID
rerun-v0-bit-57-1	INVALID
rerun-v0-bit-57-2	INVALID
rerun-v0-bit-57-3	INVALID
rerun-v0-bit-57-4	INVALID
rerun-v0-bit-57-5	INVALID
rerun-v0-bit-57-6	INVALID
rerun-v0-bit-57-7	INVALID
rerun-v0-bit-58-0	INVALID
rerun-v0-bit-58-1	INVALID
rerun-v0-bit-58-2	INVALID
rerun-v0-bit-58-3	INVALID
rerun-v0-bit-58-4	INVALID
rerun-v0-bit-58-5	INVALID
rerun-v0-bit-58-6	INVALID
rerun-v0-bit-58-7	INVALID
rerun-v0-bit-59-0	INVALID
rerun-v0-bit-59-1	INVALID
rerun-v0-bit-59-2	INVALID
rerun-v0-bit-59-3	INVALID
rerun-v0-bit-59-4	INVALID
rerun-v0-bit-59-5	INVALID
rerun-v0-bit-59-6	INVALID
rerun-v0-bit-59-7	INVALID
rerun-v0-bit-60-0	INVALID
rerun-v0-bit-60-1	INVALID
rerun-v0-bit-60-2	INVALID
rerun-v0-bit-60-3	INVALID
rerun-v0-bit-60-4	INVALID
rerun-v0-bit-60-5	INVALID
rerun-v0-bit-60-6	INVALID
rerun-v0-bit-60-7	INVALID
rerun-v0-bit-61-0	INVALID
rerun-v0-bit-61-1	INVALID
rerun-v0-bit-61-2	INVALID
rerun-v0-bit-61-3	INVALID
rerun-v0-bit-61-4	INVALID
rerun-v0-bit-61-5	INVALID
rerun-v0-bit-61-6	INVALID
rerun-v0-bit-61-7	INVALID
rerun-v0-bit-62-0	INVALID
rerun-v0-bit-62-1	INVALID
rerun-v0-bit-62-2	INVALID
rerun-v0-bit-62-3	INVALID
rerun-v0-bit-62-4	INVALID
rerun-v0-bit-62-5	INVALID
rerun-v0-bit-62-6	INVALID
rerun-v0-bit-62-7	INVALID
rerun-v0-bit-63-0	INVALID
rerun-v0-bit-63-1	INVALID
rerun-v0-bit-63-2	INVALID
rerun-v0-bit-63-3	INVALID
rerun-v0-bit-63-4	INVALID
rerun-v0-bit-63-5	INVALID
rerun-v0-bit-63-6	INVALID
rerun-v0-bit-63-7	INVALID
rerun-v0-bit-64-0	INVALID
rerun-v0-bit-64-1	INVALID
rerun-v0-bit-64-2	INVALID
rerun-v0-bit-64-3	INVALID
rerun-v0-bit-64-4	INVALID
rerun-v0-bit-64-5	INVALID
rerun-v0-bit-64-6	INVALID
rerun-v0-bit-64-7	INVALID
rerun-v0-bit-65-0	INVALID
rerun-v0-bit-65-1	INVALID
rerun-v0-bit-65-2	INVALID
rerun-v0-bit-65-3	INVALID
rerun-v0-bit-65-4	INVALID
rerun-v0-bit-65-5	INVALID
rerun-v0-bit-65-6	INVALID
rerun-v0-bit-65-7	INVALID
rerun-v0-bit-66-0	INVALID
rerun-v0-bit-66-1	INVALID
rerun-v0-bit-66-2	INVALID
rerun-v0-bit-66-3	INVALID
rerun-v0-bit-66-4	INVALID
rerun-v0-bit-66-5	INVALID
rerun-v0-bit-66-6	INVALID
rerun-v0-bit-66-7	INVALID
rerun-v0-bit-67-0	INVALID
rerun-v0-bit-67-1	INVALID
rerun-v0-bit-67-2	INVALID
rerun-v0-bit-67-3	INVALID
rerun-v0-bit-67-4	INVALID
rerun-v0-bit-67-5	INVALID
rerun-v0-bit-67-6	INVALID
rerun-v0-bit-67-7	INVALID
rerun-v0-bit-68-0	INVALID
rerun-v0-bit-68-1	INVALID
rerun-v0-bit-68-2	INVALID
rerun-v0-bit-68-3	INVALID
rerun-v0-bit-68-4	INVALID
rerun-v0-bit-68-5	INVALID
rerun-v0-bit-68-6	INVALID
rerun-v0-bit-68-7	INVALID
rerun-v0-bit-69-0	INVALID
rerun-v0-bit-69-1	INVALID
rerun-v0-bit-69-2	INVALID
rerun-v0-bit-69-3	INVALID
rerun-v0-bit-69-4	INVALID
rerun-v0-bit-69-5	INVALID
rerun-v0-bit-69-6	INVALID
rerun-v0-bit-69-7	INVALID
rerun-v0-bit-70-0	INVALID
rerun-v0-bit-70-1	INVALID
rerun-v0-bit-70-2	INVALID
rerun-v0-bit-70-3	INVALID
rerun-v0-bit-70-4	INVALID
rerun-v0-bit-70-5	INVALID
rerun-v0-bit-70-6	INVALID
rerun-v0-bit-70-7	INVALID
rerun-v0-bit-71-0	INVALID
rerun-v0-bit-71-1	INVALID
rerun-v0-bit-71-2	INVALID
rerun-v0-bit-71-3	INVALID
rerun-v0-bit-71-4	INVALID
rerun-v0-bit-71-5	INVALID
rerun-v0-bit-71-6	INVALID
rerun-v0-bit-71-7	INVALID
rerun-v0-bit-72-0	INVALID
rerun-v0-bit-72-1	INVALID
rerun-v0-bit-72-2	INVALID
rerun-v0-bit-72-3	INVALID
rerun-v0-bit-72-4	INVALID
rerun-v0-bit-72-5	INVALID
rerun-v0-bit-72-6	INVALID
rerun-v0-bit-72-7	INVALID
rerun-v0-bit-73-0	INVALID
rerun-v0-bit-73-1	INVALID
rerun-v0-bit-73-2	INVALID
rerun-v0-bit-73-3	INVALID
rerun-v0-bit-73-4	INVALID
rerun-v0-bit-73-5	INVALID
rerun-v0-bit-73-6	INVALID
rerun-v0-bit-73-7	INVALID
rerun-v0-bit-74-0	INVALID
rerun-v0-bit-74-1	INVALID
rerun-v0-bit-74-2	INVALID
rerun-v0-bit-74-3	INVALID
rerun-v0-bit-74-4	INVALID
rerun-v0-bit-74-5	INVALID
rerun-v0-bit-74-6	INVALID
rerun-v0-bit-74-7	INVALID
rerun-v0-bit-75-0	INVALID
rerun-v0-bit-75-1	INVALID
rerun-v0-bit-75-2	INVALID
rerun-v0-bit-75-3	INVALID
rerun-v0-bit-75-4	INVALID
rerun-v0-bit-75-5	INVALID
rerun-v0-bit-75-6	INVALID
rerun-v0-bit-75-7	INVALID
rerun-v0-bit-76-0	INVALID
rerun-v0-bit-76-1	INVALID
rerun-v0-bit-76-2	INVALID
rerun-v0-bit-76-3	INVALID
rerun-v0-bit-76-4	INVALID
rerun-v0-bit-76-5	INVALID
rerun-v0-bit-76-6	INVALID
rerun-v0-bit-76-7	INVALID
rerun-v0-bit-77-0	INVALID
rerun-v0-bit-77-1	INVALID
rerun-v0-bit-77-2	INVALID
rerun-v0-bit-77-3	INVALID
rerun-v0-bit-77-4	INVALID
rerun-v0-bit-77-5	INVALID
rerun-v0-bit-77-6	INVALID
rerun-v0-bit-77-7	INVALID
rerun-v0-bit-78-0	INVALID
rerun-v0-bit-78-1	INVALID
rerun-v0-bit-78-2	INVALID
rerun-v0-bit-78-3	INVALID
rerun-v0-bit-78-4	INVALID
rerun-v0-bit-78-5	INVALID
rerun-v0-bit-78-6	INVALID
rerun-v0-bit-78-7	INVALID
rerun-v0-bit-79-0	INVALID
rerun-v0-bit-79-1	INVALID
rerun-v0-bit-79-2	INVALID
rerun-v0-bit-79-3	INVALID
rerun-v0-bit-79-4	INVALID
rerun-v0-bit-79-5	INVALID
rerun-v0-bit-79-6	INVALID
rerun-v0-bit-79-7	INVALID
rerun-v0-s-plus-1L	INVALID
rerun-v0-s-plus-2L	INVALID
rerun-v0-s-plus-3L	INVALID
rerun-v0-s-plus-4L	INVALID
rerun-v0-s-plus-5L	INVALID
rerun-v0-s-plus-6L	INVALID
rerun-v0-s-plus-7L	INVALID
rerun-v0-s-plus-8L	INVALID
rerun-v0-s-plus-9L	INVALID
rerun-v0-s-plus-10L	INVALID
rerun-v0-s-plus-11L	INVALID
rerun-v0-s-plus-12L	INVALID
rerun-v0-s-plus-13L	INVALID
rerun-v0-s-plus-14L	INVALID
rerun-v0-s-plus-15L	INVALID
rerun-v0-pk-zero	INVALID
rerun-v0-gamma-zero	INVALID
rerun-v0-pk-identity	INVALID
rerun-v0-gamma-identity	INVALID
rerun-v0-pk-minus-one	INVALID
rerun-v0-gamma-minus-one	INVALID
rerun-v0-pk-p	INVALID
rerun-v0-gamma-p	INVALID
rerun-v0-pk-p-plus-one	INVALID
rerun-v0-gamma-p-plus-one	INVALID
rerun-v0-pk-negative-zero	INVALID
rerun-v0-gamma-negative-zero	INVALID
rerun-v0-wrong-message	INVALID
rerun-v1	VALID:94f4487e1b2fec954309ef1289ecb2e15043a2461ecc7b2ae7d4470607ef82eb1cfa97d84991fe4a7bfdfd715606bc27e2967a6c557cfb5875879b671740b7d8
rerun-v1-upstream-bitflip-0	INVALID
rerun-v1-upstream-bitflip-32	INVALID
rerun-v1-upstream-bitflip-48	INVALID
rerun-v1-upstream-bitflip-79	INVALID
rerun-v1-bit-0-0	INVALID
rerun-v1-bit-0-1	INVALID
rerun-v1-bit-0-2	INVALID
rerun-v1-bit-0-3	INVALID
rerun-v1-bit-0-4	INVALID
rerun-v1-bit-0-5	INVALID
rerun-v1-bit-0-6	INVALID
rerun-v1-bit-0-7	INVALID
rerun-v1-bit-1-0	INVALID
rerun-v1-bit-1-1	INVALID
rerun-v1-bit-1-2	INVALID
rerun-v1-bit-1-3	INVALID
rerun-v1-bit-1-4	INVALID
rerun-v1-bit-1-5	INVALID
rerun-v1-bit-1-6	INVALID
rerun-v1-bit-1-7	INVALID
rerun-v1-bit-2-0	INVALID
rerun-v1-bit-2-1	INVALID
rerun-v1-bit-2-2	INVALID
rerun-v1-bit-2-3	INVALID
rerun-v1-bit-2-4	INVALID
rerun-v1-bit-2-5	INVALID
rerun-v1-bit-2-6	INVALID
rerun-v1-bit-2-7	INVALID
rerun-v1-bit-3-0	INVALID
rerun-v1-bit-3-1	INVALID
rerun-v1-bit-3-2	INVALID
rerun-v1-bit-3-3	INVALID
rerun-v1-bit-3-4	INVALID
rerun-v1-bit-3-5	INVALID
rerun-v1-bit-3-6	INVALID
rerun-v1-bit-3-7	INVALID
rerun-v1-bit-4-0	INVALID
rerun-v1-bit-4-1	INVALID
rerun-v1-bit-4-2	INVALID
rerun-v1-bit-4-3	INVALID
rerun-v1-bit-4-4	INVALID
rerun-v1-bit-4-5	INVALID
rerun-v1-bit-4-6	INVALID
rerun-v1-bit-4-7	INVALID
rerun-v1-bit-5-0	INVALID
rerun-v1-bit-5-1	INVALID
rerun-v1-bit-5-2	INVALID
rerun-v1-bit-5-3	INVALID
rerun-v1-bit-5-4	INVALID
rerun-v1-bit-5-5	INVALID
rerun-v1-bit-5-6	INVALID
rerun-v1-bit-5-7	INVALID
rerun-v1-bit-6-0	INVALID
rerun-v1-bit-6-1	INVALID
rerun-v1-bit-6-2	INVALID
rerun-v1-bit-6-3	INVALID
rerun-v1-bit-6-4	INVALID
rerun-v1-bit-6-5	INVALID
rerun-v1-bit-6-6	INVALID
rerun-v1-bit-6-7	INVALID
rerun-v1-bit-7-0	INVALID
rerun-v1-bit-7-1	INVALID
rerun-v1-bit-7-2	INVALID
rerun-v1-bit-7-3	INVALID
rerun-v1-bit-7-4	INVALID
rerun-v1-bit-7-5	INVALID
rerun-v1-bit-7-6	INVALID
rerun-v1-bit-7-7	INVALID
rerun-v1-bit-8-0	INVALID
rerun-v1-bit-8-1	INVALID
rerun-v1-bit-8-2	INVALID
rerun-v1-bit-8-3	INVALID
rerun-v1-bit-8-4	INVALID
rerun-v1-bit-8-5	INVALID
rerun-v1-bit-8-6	INVALID
rerun-v1-bit-8-7	INVALID
rerun-v1-bit-9-0	INVALID
rerun-v1-bit-9-1	INVALID
rerun-v1-bit-9-2	INVALID
rerun-v1-bit-9-3	INVALID
rerun-v1-bit-9-4	INVALID
rerun-v1-bit-9-5	INVALID
rerun-v1-bit-9-6	INVALID
rerun-v1-bit-9-7	INVALID
rerun-v1-bit-10-0	INVALID
rerun-v1-bit-10-1	INVALID
rerun-v1-bit-10-2	INVALID
rerun-v1-bit-10-3	INVALID
rerun-v1-bit-10-4	INVALID
rerun-v1-bit-10-5	INVALID
rerun-v1-bit-10-6	INVALID
rerun-v1-bit-10-7	INVALID
rerun-v1-bit-11-0	INVALID
rerun-v1-bit-11-1	INVALID
rerun-v1-bit-11-2	INVALID
rerun-v1-bit-11-3	INVALID
rerun-v1-bit-11-4	INVALID
rerun-v1-bit-11-5	INVALID
rerun-v1-bit-11-6	INVALID
rerun-v1-bit-11-7	INVALID
rerun-v1-bit-12-0	INVALID
rerun-v1-bit-12-1	INVALID
rerun-v1-bit-12-2	INVALID
rerun-v1-bit-12-3	INVALID
rerun-v1-bit-12-4	INVALID
rerun-v1-bit-12-5	INVALID
rerun-v1-bit-12-6	INVALID
rerun-v1-bit-12-7	INVALID
rerun-v1-bit-13-0	INVALID
rerun-v1-bit-13-1	INVALID
rerun-v1-bit-13-2	INVALID
rerun-v1-bit-13-3	INVALID
rerun-v1-bit-13-4	INVALID
rerun-v1-bit-13-5	INVALID
rerun-v1-bit-13-6	INVALID
rerun-v1-bit-13-7	INVALID
rerun-v1-bit-14-0	INVALID
rerun-v1-bit-14-1	INVALID
rerun-v1-bit-14-2	INVALID
rerun-v1-bit-14-3	INVALID
rerun-v1-bit-14-4	INVALID
rerun-v1-bit-14-5	INVALID
rerun-v1-bit-14-6	INVALID
rerun-v1-bit-14-7	INVALID
rerun-v1-bit-15-0	INVALID
rerun-v1-bit-15-1	INVALID
rerun-v1-bit-15-2	INVALID
rerun-v1-bit-15-3	INVALID
rerun-v1-bit-15-4	INVALID
rerun-v1-bit-15-5	INVALID
rerun-v1-bit-15-6	INVALID
rerun-v1-bit-15-7	INVALID
rerun-v1-bit-16-0	INVALID
rerun-v1-bit-16-1	INVALID
rerun-v1-bit-16-2	INVALID
rerun-v1-bit-16-3	INVALID
rerun-v1-bit-16-4	INVALID
rerun-v1-bit-16-5	INVALID
rerun-v1-bit-16-6	INVALID
rerun-v1-bit-16-7	INVALID
rerun-v1-bit-17-0	INVALID
rerun-v1-bit-17-1	INVALID
rerun-v1-bit-17-2	INVALID
rerun-v1-bit-17-3	INVALID
rerun-v1-bit-17-4	INVALID
rerun-v1-bit-17-5	INVALID
rerun-v1-bit-17-6	INVALID
rerun-v1-bit-17-7	INVALID
rerun-v1-bit-18-0	INVALID
rerun-v1-bit-18-1	INVALID
rerun-v1-bit-18-2	INVALID
rerun-v1-bit-18-3	INVALID
rerun-v1-bit-18-4	INVALID
rerun-v1-bit-18-5	INVALID
rerun-v1-bit-18-6	INVALID
rerun-v1-bit-18-7	INVALID
rerun-v1-bit-19-0	INVALID
rerun-v1-bit-19-1	INVALID
rerun-v1-bit-19-2	INVALID
rerun-v1-bit-19-3	INVALID
rerun-v1-bit-19-4	INVALID
rerun-v1-bit-19-5	INVALID
rerun-v1-bit-19-6	INVALID
rerun-v1-bit-19-7	INVALID
rerun-v1-bit-20-0	INVALID
rerun-v1-bit-20-1	INVALID
rerun-v1-bit-20-2	INVALID
rerun-v1-bit-20-3	INVALID
rerun-v1-bit-20-4	INVALID
rerun-v1-bit-20-5	INVALID
rerun-v1-bit-20-6	INVALID
rerun-v1-bit-20-7	INVALID
rerun-v1-bit-21-0	INVALID
rerun-v1-bit-21-1	INVALID
rerun-v1-bit-21-2	INVALID
rerun-v1-bit-21-3	INVALID
rerun-v1-bit-21-4	INVALID
rerun-v1-bit-21-5	INVALID
rerun-v1-bit-21-6	INVALID
rerun-v1-bit-21-7	INVALID
rerun-v1-bit-22-0	INVALID
rerun-v1-bit-22-1	INVALID
rerun-v1-bit-22-2	INVALID
rerun-v1-bit-22-3	INVALID
rerun-v1-bit-22-4	INVALID
rerun-v1-bit-22-5	INVALID
rerun-v1-bit-22-6	INVALID
rerun-v1-bit-22-7	INVALID
rerun-v1-bit-23-0	INVALID
rerun-v1-bit-23-1	INVALID
rerun-v1-bit-23-2	INVALID
rerun-v1-bit-23-3	INVALID
rerun-v1-bit-23-4	INVALID
rerun-v1-bit-23-5	INVALID
rerun-v1-bit-23-6	INVALID
rerun-v1-bit-23-7	INVALID
rerun-v1-bit-24-0	INVALID
rerun-v1-bit-24-1	INVALID
rerun-v1-bit-24-2	INVALID
rerun-v1-bit-24-3	INVALID
rerun-v1-bit-24-4	INVALID
rerun-v1-bit-24-5	INVALID
rerun-v1-bit-24-6	INVALID
rerun-v1-bit-24-7	INVALID
rerun-v1-bit-25-0	INVALID
rerun-v1-bit-25-1	INVALID
rerun-v1-bit-25-2	INVALID
rerun-v1-bit-25-3	INVALID
rerun-v1-bit-25-4	INVALID
rerun-v1-bit-25-5	INVALID
rerun-v1-bit-25-6	INVALID
rerun-v1-bit-25-7	INVALID
rerun-v1-bit-26-0	INVALID
rerun-v1-bit-26-1	INVALID
rerun-v1-bit-26-2	INVALID
rerun-v1-bit-26-3	INVALID
rerun-v1-bit-26-4	INVALID
rerun-v1-bit-26-5	INVALID
rerun-v1-bit-26-6	INVALID
rerun-v1-bit-26-7	INVALID
rerun-v1-bit-27-0	INVALID
rerun-v1-bit-27-1	INVALID
rerun-v1-bit-27-2	INVALID
rerun-v1-bit-27-3	INVALID
rerun-v1-bit-27-4	INVALID
rerun-v1-bit-27-5	INVALID
rerun-v1-bit-27-6	INVALID
rerun-v1-bit-27-7	INVALID
rerun-v1-bit-28-0	INVALID
rerun-v1-bit-28-1	INVALID
rerun-v1-bit-28-2	INVALID
rerun-v1-bit-28-3	INVALID
rerun-v1-bit-28-4	INVALID
rerun-v1-bit-28-5	INVALID
rerun-v1-bit-28-6	INVALID
rerun-v1-bit-28-7	INVALID
rerun-v1-bit-29-0	INVALID
rerun-v1-bit-29-1	INVALID
rerun-v1-bit-29-2	INVALID
rerun-v1-bit-29-3	INVALID
rerun-v1-bit-29-4	INVALID
rerun-v1-bit-29-5	INVALID
rerun-v1-bit-29-6	INVALID
rerun-v1-bit-29-7	INVALID
rerun-v1-bit-30-0	INVALID
rerun-v1-bit-30-1	INVALID
rerun-v1-bit-30-2	INVALID
rerun-v1-bit-30-3	INVALID
rerun-v1-bit-30-4	INVALID
rerun-v1-bit-30-5	INVALID
rerun-v1-bit-30-6	INVALID
rerun-v1-bit-30-7	INVALID
rerun-v1-bit-31-0	INVALID
rerun-v1-bit-31-1	INVALID
rerun-v1-bit-31-2	INVALID
rerun-v1-bit-31-3	INVALID
rerun-v1-bit-31-4	INVALID
rerun-v1-bit-31-5	INVALID
rerun-v1-bit-31-6	INVALID
rerun-v1-bit-31-7	INVALID
rerun-v1-bit-32-0	INVALID
rerun-v1-bit-32-1	INVALID
rerun-v1-bit-32-2	INVALID
rerun-v1-bit-32-3	INVALID
rerun-v1-bit-32-4	INVALID
rerun-v1-bit-32-5	INVALID
rerun-v1-bit-32-6	INVALID
rerun-v1-bit-32-7	INVALID
rerun-v1-bit-33-0	INVALID
rerun-v1-bit-33-1	INVALID
rerun-v1-bit-33-2	INVALID
rerun-v1-bit-33-3	INVALID
rerun-v1-bit-33-4	INVALID
rerun-v1-bit-33-5	INVALID
rerun-v1-bit-33-6	INVALID
rerun-v1-bit-33-7	INVALID
rerun-v1-bit-34-0	INVALID
rerun-v1-bit-34-1	INVALID
rerun-v1-bit-34-2	INVALID
rerun-v1-bit-34-3	INVALID
rerun-v1-bit-34-4	INVALID
rerun-v1-bit-34-5	INVALID
rerun-v1-bit-34-6	INVALID
rerun-v1-bit-34-7	INVALID
rerun-v1-bit-35-0	INVALID
rerun-v1-bit-35-1	INVALID
rerun-v1-bit-35-2	INVALID
rerun-v1-bit-35-3	INVALID
rerun-v1-bit-35-4	INVALID
rerun-v1-bit-35-5	INVALID
rerun-v1-bit-35-6	INVALID
rerun-v1-bit-35-7	INVALID
rerun-v1-bit-36-0	INVALID
rerun-v1-bit-36-1	INVALID
rerun-v1-bit-36-2	INVALID
rerun-v1-bit-36-3	INVALID
rerun-v1-bit-36-4	INVALID
rerun-v1-bit-36-5	INVALID
rerun-v1-bit-36-6	INVALID
rerun-v1-bit-36-7	INVALID
rerun-v1-bit-37-0	INVALID
rerun-v1-bit-37-1	INVALID
rerun-v1-bit-37-2	INVALID
rerun-v1-bit-37-3	INVALID
rerun-v1-bit-37-4	INVALID
rerun-v1-bit-37-5	INVALID
rerun-v1-bit-37-6	INVALID
rerun-v1-bit-37-7	INVALID
rerun-v1-bit-38-0	INVALID
rerun-v1-bit-38-1	INVALID
rerun-v1-bit-38-2	INVALID
rerun-v1-bit-38-3	INVALID
rerun-v1-bit-38-4	INVALID
rerun-v1-bit-38-5	INVALID
rerun-v1-bit-38-6	INVALID
rerun-v1-bit-38-7	INVALID
rerun-v1-bit-39-0	INVALID
rerun-v1-bit-39-1	INVALID
rerun-v1-bit-39-2	INVALID
rerun-v1-bit-39-3	INVALID
rerun-v1-bit-39-4	INVALID
rerun-v1-bit-39-5	INVALID
rerun-v1-bit-39-6	INVALID
rerun-v1-bit-39-7	INVALID
rerun-v1-bit-40-0	INVALID
rerun-v1-bit-40-1	INVALID
rerun-v1-bit-40-2	INVALID
rerun-v1-bit-40-3	INVALID
rerun-v1-bit-40-4	INVALID
rerun-v1-bit-40-5	INVALID
rerun-v1-bit-40-6	INVALID
rerun-v1-bit-40-7	INVALID
rerun-v1-bit-41-0	INVALID
rerun-v1-bit-41-1	INVALID
rerun-v1-bit-41-2	INVALID
rerun-v1-bit-41-3	INVALID
rerun-v1-bit-41-4	INVALID
rerun-v1-bit-41-5	INVALID
rerun-v1-bit-41-6	INVALID
rerun-v1-bit-41-7	INVALID
rerun-v1-bit-42-0	INVALID
rerun-v1-bit-42-1	INVALID
rerun-v1-bit-42-2	INVALID
rerun-v1-bit-42-3	INVALID
rerun-v1-bit-42-4	INVALID
rerun-v1-bit-42-5	INVALID
rerun-v1-bit-42-6	INVALID
rerun-v1-bit-42-7	INVALID
rerun-v1-bit-43-0	INVALID
rerun-v1-bit-43-1	INVALID
rerun-v1-bit-43-2	INVALID
rerun-v1-bit-43-3	INVALID
rerun-v1-bit-43-4	INVALID
rerun-v1-bit-43-5	INVALID
rerun-v1-bit-43-6	INVALID
rerun-v1-bit-43-7	INVALID
rerun-v1-bit-44-0	INVALID
rerun-v1-bit-44-1	INVALID
rerun-v1-bit-44-2	INVALID
rerun-v1-bit-44-3	INVALID
rerun-v1-bit-44-4	INVALID
rerun-v1-bit-44-5	INVALID
rerun-v1-bit-44-6	INVALID
rerun-v1-bit-44-7	INVALID
rerun-v1-bit-45-0	INVALID
rerun-v1-bit-45-1	INVALID
rerun-v1-bit-45-2	INVALID
rerun-v1-bit-45-3	INVALID
rerun-v1-bit-45-4	INVALID
rerun-v1-bit-45-5	INVALID
rerun-v1-bit-45-6	INVALID
rerun-v1-bit-45-7	INVALID
rerun-v1-bit-46-0	INVALID
rerun-v1-bit-46-1	INVALID
rerun-v1-bit-46-2	INVALID
rerun-v1-bit-46-3	INVALID
rerun-v1-bit-46-4	INVALID
rerun-v1-bit-46-5	INVALID
rerun-v1-bit-46-6	INVALID
rerun-v1-bit-46-7	INVALID
rerun-v1-bit-47-0	INVALID
rerun-v1-bit-47-1	INVALID
rerun-v1-bit-47-2	INVALID
rerun-v1-bit-47-3	INVALID
rerun-v1-bit-47-4	INVALID
rerun-v1-bit-47-5	INVALID
rerun-v1-bit-47-6	INVALID
rerun-v1-bit-47-7	INVALID
rerun-v1-bit-48-0	INVALID
rerun-v1-bit-48-1	INVALID
rerun-v1-bit-48-2	INVALID
rerun-v1-bit-48-3	INVALID
rerun-v1-bit-48-4	INVALID
rerun-v1-bit-48-5	INVALID
rerun-v1-bit-48-6	INVALID
rerun-v1-bit-48-7	INVALID
rerun-v1-bit-49-0	INVALID
rerun-v1-bit-49-1	INVALID
rerun-v1-bit-49-2	INVALID
rerun-v1-bit-49-3	INVALID
rerun-v1-bit-49-4	INVALID
rerun-v1-bit-49-5	INVALID
rerun-v1-bit-49-6	INVALID
rerun-v1-bit-49-7	INVALID
rerun-v1-bit-50-0	INVALID
rerun-v1-bit-50-1	INVALID
rerun-v1-bit-50-2	INVALID
rerun-v1-bit-50-3	INVALID
rerun-v1-bit-50-4	INVALID
rerun-v1-bit-50-5	INVALID
rerun-v1-bit-50-6	INVALID
rerun-v1-bit-50-7	INVALID
rerun-v1-bit-51-0	INVALID
rerun-v1-bit-51-1	INVALID
rerun-v1-bit-51-2	INVALID
rerun-v1-bit-51-3	INVALID
rerun-v1-bit-51-4	INVALID
rerun-v1-bit-51-5	INVALID
rerun-v1-bit-51-6	INVALID
rerun-v1-bit-51-7	INVALID
rerun-v1-bit-52-0	INVALID
rerun-v1-bit-52-1	INVALID
rerun-v1-bit-52-2	INVALID
rerun-v1-bit-52-3	INVALID
rerun-v1-bit-52-4	INVALID
rerun-v1-bit-52-5	INVALID
rerun-v1-bit-52-6	INVALID
rerun-v1-bit-52-7	INVALID
rerun-v1-bit-53-0	INVALID
rerun-v1-bit-53-1	INVALID
rerun-v1-bit-53-2	INVALID
rerun-v1-bit-53-3	INVALID
rerun-v1-bit-53-4	INVALID
rerun-v1-bit-53-5	INVALID
rerun-v1-bit-53-6	INVALID
rerun-v1-bit-53-7	INVALID
rerun-v1-bit-54-0	INVALID
rerun-v1-bit-54-1	INVALID
rerun-v1-bit-54-2	INVALID
rerun-v1-bit-54-3	INVALID
rerun-v1-bit-54-4	INVALID
rerun-v1-bit-54-5	INVALID
rerun-v1-bit-54-6	INVALID
rerun-v1-bit-54-7	INVALID
rerun-v1-bit-55-0	INVALID
rerun-v1-bit-55-1	INVALID
rerun-v1-bit-55-2	INVALID
rerun-v1-bit-55-3	INVALID
rerun-v1-bit-55-4	INVALID
rerun-v1-bit-55-5	INVALID
rerun-v1-bit-55-6	INVALID
rerun-v1-bit-55-7	INVALID
rerun-v1-bit-56-0	INVALID
rerun-v1-bit-56-1	INVALID
rerun-v1-bit-56-2	INVALID
rerun-v1-bit-56-3	INVALID
rerun-v1-bit-56-4	INVALID
rerun-v1-bit-56-5	INVALID
rerun-v1-bit-56-6	INVALID
rerun-v1-bit-56-7	INVALID
rerun-v1-bit-57-0	INVALID
rerun-v1-bit-57-1	INVALID
rerun-v1-bit-57-2	INVALID
rerun-v1-bit-57-3	INVALID
rerun-v1-bit-57-4	INVALID
rerun-v1-bit-57-5	INVALID
rerun-v1-bit-57-6	INVALID
rerun-v1-bit-57-7	INVALID
rerun-v1-bit-58-0	INVALID
rerun-v1-bit-58-1	INVALID
rerun-v1-bit-58-2	INVALID
rerun-v1-bit-58-3	INVALID
rerun-v1-bit-58-4	INVALID
rerun-v1-bit-58-5	INVALID
rerun-v1-bit-58-6	INVALID
rerun-v1-bit-58-7	INVALID
rerun-v1-bit-59-0	INVALID
rerun-v1-bit-59-1	INVALID
rerun-v1-bit-59-2	INVALID
rerun-v1-bit-59-3	INVALID
rerun-v1-bit-59-4	INVALID
rerun-v1-bit-59-5	INVALID
rerun-v1-bit-59-6	INVALID
rerun-v1-bit-59-7	INVALID
rerun-v1-bit-60-0	INVALID
rerun-v1-bit-60-1	INVALID
rerun-v1-bit-60-2	INVALID
rerun-v1-bit-60-3	INVALID
rerun-v1-bit-60-4	INVALID
rerun-v1-bit-60-5	INVALID
rerun-v1-bit-60-6	INVALID
rerun-v1-bit-60-7	INVALID
rerun-v1-bit-61-0	INVALID
rerun-v1-bit-61-1	INVALID
rerun-v1-bit-61-2	INVALID
rerun-v1-bit-61-3	INVALID
rerun-v1-bit-61-4	INVALID
rerun-v1-bit-61-5	INVALID
rerun-v1-bit-61-6	INVALID
rerun-v1-bit-61-7	INVALID
rerun-v1-bit-62-0	INVALID
rerun-v1-bit-62-1	INVALID
rerun-v1-bit-62-2	INVALID
rerun-v1-bit-62-3	INVALID
rerun-v1-bit-62-4	INVALID
rerun-v1-bit-62-5	INVALID
rerun-v1-bit-62-6	INVALID
rerun-v1-bit-62-7	INVALID
rerun-v1-bit-63-0	INVALID
rerun-v1-bit-63-1	INVALID
rerun-v1-bit-63-2	INVALID
rerun-v1-bit-63-3	INVALID
rerun-v1-bit-63-4	INVALID
rerun-v1-bit-63-5	INVALID
rerun-v1-bit-63-6	INVALID
rerun-v1-bit-63-7	INVALID
rerun-v1-bit-64-0	INVALID
rerun-v1-bit-64-1	INVALID
rerun-v1-bit-64-2	INVALID
rerun-v1-bit-64-3	INVALID
rerun-v1-bit-64-4	INVALID
rerun-v1-bit-64-5	INVALID
rerun-v1-bit-64-6	INVALID
rerun-v1-bit-64-7	INVALID
rerun-v1-bit-65-0	INVALID
rerun-v1-bit-65-1	INVALID
rerun-v1-bit-65-2	INVALID
rerun-v1-bit-65-3	INVALID
rerun-v1-bit-65-4	INVALID
rerun-v1-bit-65-5	INVALID
rerun-v1-bit-65-6	INVALID
rerun-v1-bit-65-7	INVALID
rerun-v1-bit-66-0	INVALID
rerun-v1-bit-66-1	INVALID
rerun-v1-bit-66-2	INVALID
rerun-v1-bit-66-3	INVALID
rerun-v1-bit-66-4	INVALID
rerun-v1-bit-66-5	INVALID
rerun-v1-bit-66-6	INVALID
rerun-v1-bit-66-7	INVALID
rerun-v1-bit-67-0	INVALID
rerun-v1-bit-67-1	INVALID
rerun-v1-bit-67-2	INVALID
rerun-v1-bit-67-3	INVALID
rerun-v1-bit-67-4	INVALID
rerun-v1-bit-67-5	INVALID
rerun-v1-bit-67-6	INVALID
rerun-v1-bit-67-7	INVALID
rerun-v1-bit-68-0	INVALID
rerun-v1-bit-68-1	INVALID
rerun-v1-bit-68-2	INVALID
rerun-v1-bit-68-3	INVALID
rerun-v1-bit-68-4	INVALID
rerun-v1-bit-68-5	INVALID
rerun-v1-bit-68-6	INVALID
rerun-v1-bit-68-7	INVALID
rerun-v1-bit-69-0	INVALID
rerun-v1-bit-69-1	INVALID
rerun-v1-bit-69-2	INVALID
rerun-v1-bit-69-3	INVALID
rerun-v1-bit-69-4	INVALID
rerun-v1-bit-69-5	INVALID
rerun-v1-bit-69-6	INVALID
rerun-v1-bit-69-7	INVALID
rerun-v1-bit-70-0	INVALID
rerun-v1-bit-70-1	INVALID
rerun-v1-bit-70-2	INVALID
rerun-v1-bit-70-3	INVALID
rerun-v1-bit-70-4	INVALID
rerun-v1-bit-70-5	INVALID
rerun-v1-bit-70-6	INVALID
rerun-v1-bit-70-7	INVALID
rerun-v1-bit-71-0	INVALID
rerun-v1-bit-71-1	INVALID
rerun-v1-bit-71-2	INVALID
rerun-v1-bit-71-3	INVALID
rerun-v1-bit-71-4	INVALID
rerun-v1-bit-71-5	INVALID
rerun-v1-bit-71-6	INVALID
rerun-v1-bit-71-7	INVALID
rerun-v1-bit-72-0	INVALID
rerun-v1-bit-72-1	INVALID
rerun-v1-bit-72-2	INVALID
rerun-v1-bit-72-3	INVALID
rerun-v1-bit-72-4	INVALID
rerun-v1-bit-72-5	INVALID
rerun-v1-bit-72-6	INVALID
rerun-v1-bit-72-7	INVALID
rerun-v1-bit-73-0	INVALID
rerun-v1-bit-73-1	INVALID
rerun-v1-bit-73-2	INVALID
rerun-v1-bit-73-3	INVALID
rerun-v1-bit-73-4	INVALID
rerun-v1-bit-73-5	INVALID
rerun-v1-bit-73-6	INVALID
rerun-v1-bit-73-7	INVALID
rerun-v1-bit-74-0	INVALID
rerun-v1-bit-74-1	INVALID
rerun-v1-bit-74-2	INVALID
rerun-v1-bit-74-3	INVALID
rerun-v1-bit-74-4	INVALID
rerun-v1-bit-74-5	INVALID
rerun-v1-bit-74-6	INVALID
rerun-v1-bit-74-7	INVALID
rerun-v1-bit-75-0	INVALID
rerun-v1-bit-75-1	INVALID
rerun-v1-bit-75-2	INVALID
rerun-v1-bit-75-3	INVALID
rerun-v1-bit-75-4	INVALID
rerun-v1-bit-75-5	INVALID
rerun-v1-bit-75-6	INVALID
rerun-v1-bit-75-7	INVALID
rerun-v1-bit-76-0	INVALID
rerun-v1-bit-76-1	INVALID
rerun-v1-bit-76-2	INVALID
rerun-v1-bit-76-3	INVALID
rerun-v1-bit-76-4	INVALID
rerun-v1-bit-76-5	INVALID
rerun-v1-bit-76-6	INVALID
rerun-v1-bit-76-7	INVALID
rerun-v1-bit-77-0	INVALID
rerun-v1-bit-77-1	INVALID
rerun-v1-bit-77-2	INVALID
rerun-v1-bit-77-3	INVALID
rerun-v1-bit-77-4	INVALID
rerun-v1-bit-77-5	INVALID
rerun-v1-bit-77-6	INVALID
rerun-v1-bit-77-7	INVALID
rerun-v1-bit-78-0	INVALID
rerun-v1-bit-78-1	INVALID
rerun-v1-bit-78-2	INVALID
rerun-v1-bit-78-3	INVALID
rerun-v1-bit-78-4	INVALID
rerun-v1-bit-78-5	INVALID
rerun-v1-bit-78-6	INVALID
rerun-v1-bit-78-7	INVALID
rerun-v1-bit-79-0	INVALID
rerun-v1-bit-79-1	INVALID
rerun-v1-bit-79-2	INVALID
rerun-v1-bit-79-3	INVALID
rerun-v1-bit-79-4	INVALID
rerun-v1-bit-79-5	INVALID
rerun-v1-bit-79-6	INVALID
rerun-v1-bit-79-7	INVALID
rerun-v1-s-plus-1L	INVALID
rerun-v1-s-plus-2L	INVALID
rerun-v1-s-plus-3L	INVALID
rerun-v1-s-plus-4L	INVALID
rerun-v1-s-plus-5L	INVALID
rerun-v1-s-plus-6L	INVALID
rerun-v1-s-plus-7L	INVALID
rerun-v1-s-plus-8L	INVALID
rerun-v1-s-plus-9L	INVALID
rerun-v1-s-plus-10L	INVALID
rerun-v1-s-plus-11L	INVALID
rerun-v1-s-plus-12L	INVALID
rerun-v1-s-plus-13L	INVALID
rerun-v1-s-plus-14L	INVALID
rerun-v1-s-plus-15L	INVALID
rerun-v1-pk-zero	INVALID
rerun-v1-gamma-zero	INVALID
rerun-v1-pk-identity	INVALID
rerun-v1-gamma-identity	INVALID
rerun-v1-pk-minus-one	INVALID
rerun-v1-gamma-minus-one	INVALID
rerun-v1-pk-p	INVALID
rerun-v1-gamma-p	INVALID
rerun-v1-pk-p-plus-one	INVALID
rerun-v1-gamma-p-plus-one	INVALID
rerun-v1-pk-negative-zero	INVALID
rerun-v1-gamma-negative-zero	INVALID
rerun-v1-wrong-message	INVALID
rerun-v1-truncated-message	INVALID
rerun-v2	VALID:2031837f582cd17a9af9e0c7ef5a6540e3453ed894b62c293686ca3c1e319dde9d0aa489a4b59a9594fc2328bc3deff3c8a0929a369a72b1180a596e016b5ded
rerun-v2-upstream-bitflip-0	INVALID
rerun-v2-upstream-bitflip-32	INVALID
rerun-v2-upstream-bitflip-48	INVALID
rerun-v2-upstream-bitflip-79	INVALID
rerun-v2-bit-0-0	INVALID
rerun-v2-bit-0-1	INVALID
rerun-v2-bit-0-2	INVALID
rerun-v2-bit-0-3	INVALID
rerun-v2-bit-0-4	INVALID
rerun-v2-bit-0-5	INVALID
rerun-v2-bit-0-6	INVALID
rerun-v2-bit-0-7	INVALID
rerun-v2-bit-1-0	INVALID
rerun-v2-bit-1-1	INVALID
rerun-v2-bit-1-2	INVALID
rerun-v2-bit-1-3	INVALID
rerun-v2-bit-1-4	INVALID
rerun-v2-bit-1-5	INVALID
rerun-v2-bit-1-6	INVALID
rerun-v2-bit-1-7	INVALID
rerun-v2-bit-2-0	INVALID
rerun-v2-bit-2-1	INVALID
rerun-v2-bit-2-2	INVALID
rerun-v2-bit-2-3	INVALID
rerun-v2-bit-2-4	INVALID
rerun-v2-bit-2-5	INVALID
rerun-v2-bit-2-6	INVALID
rerun-v2-bit-2-7	INVALID
rerun-v2-bit-3-0	INVALID
rerun-v2-bit-3-1	INVALID
rerun-v2-bit-3-2	INVALID
rerun-v2-bit-3-3	INVALID
rerun-v2-bit-3-4	INVALID
rerun-v2-bit-3-5	INVALID
rerun-v2-bit-3-6	INVALID
rerun-v2-bit-3-7	INVALID
rerun-v2-bit-4-0	INVALID
rerun-v2-bit-4-1	INVALID
rerun-v2-bit-4-2	INVALID
rerun-v2-bit-4-3	INVALID
rerun-v2-bit-4-4	INVALID
rerun-v2-bit-4-5	INVALID
rerun-v2-bit-4-6	INVALID
rerun-v2-bit-4-7	INVALID
rerun-v2-bit-5-0	INVALID
rerun-v2-bit-5-1	INVALID
rerun-v2-bit-5-2	INVALID
rerun-v2-bit-5-3	INVALID
rerun-v2-bit-5-4	INVALID
rerun-v2-bit-5-5	INVALID
rerun-v2-bit-5-6	INVALID
rerun-v2-bit-5-7	INVALID
rerun-v2-bit-6-0	INVALID
rerun-v2-bit-6-1	INVALID
rerun-v2-bit-6-2	INVALID
rerun-v2-bit-6-3	INVALID
rerun-v2-bit-6-4	INVALID
rerun-v2-bit-6-5	INVALID
rerun-v2-bit-6-6	INVALID
rerun-v2-bit-6-7	INVALID
rerun-v2-bit-7-0	INVALID
rerun-v2-bit-7-1	INVALID
rerun-v2-bit-7-2	INVALID
rerun-v2-bit-7-3	INVALID
rerun-v2-bit-7-4	INVALID
rerun-v2-bit-7-5	INVALID
rerun-v2-bit-7-6	INVALID
rerun-v2-bit-7-7	INVALID
rerun-v2-bit-8-0	INVALID
rerun-v2-bit-8-1	INVALID
rerun-v2-bit-8-2	INVALID
rerun-v2-bit-8-3	INVALID
rerun-v2-bit-8-4	INVALID
rerun-v2-bit-8-5	INVALID
rerun-v2-bit-8-6	INVALID
rerun-v2-bit-8-7	INVALID
rerun-v2-bit-9-0	INVALID
rerun-v2-bit-9-1	INVALID
rerun-v2-bit-9-2	INVALID
rerun-v2-bit-9-3	INVALID
rerun-v2-bit-9-4	INVALID
rerun-v2-bit-9-5	INVALID
rerun-v2-bit-9-6	INVALID
rerun-v2-bit-9-7	INVALID
rerun-v2-bit-10-0	INVALID
rerun-v2-bit-10-1	INVALID
rerun-v2-bit-10-2	INVALID
rerun-v2-bit-10-3	INVALID
rerun-v2-bit-10-4	INVALID
rerun-v2-bit-10-5	INVALID
rerun-v2-bit-10-6	INVALID
rerun-v2-bit-10-7	INVALID
rerun-v2-bit-11-0	INVALID
rerun-v2-bit-11-1	INVALID
rerun-v2-bit-11-2	INVALID
rerun-v2-bit-11-3	INVALID
rerun-v2-bit-11-4	INVALID
rerun-v2-bit-11-5	INVALID
rerun-v2-bit-11-6	INVALID
rerun-v2-bit-11-7	INVALID
rerun-v2-bit-12-0	INVALID
rerun-v2-bit-12-1	INVALID
rerun-v2-bit-12-2	INVALID
rerun-v2-bit-12-3	INVALID
rerun-v2-bit-12-4	INVALID
rerun-v2-bit-12-5	INVALID
rerun-v2-bit-12-6	INVALID
rerun-v2-bit-12-7	INVALID
rerun-v2-bit-13-0	INVALID
rerun-v2-bit-13-1	INVALID
rerun-v2-bit-13-2	INVALID
rerun-v2-bit-13-3	INVALID
rerun-v2-bit-13-4	INVALID
rerun-v2-bit-13-5	INVALID
rerun-v2-bit-13-6	INVALID
rerun-v2-bit-13-7	INVALID
rerun-v2-bit-14-0	INVALID
rerun-v2-bit-14-1	INVALID
rerun-v2-bit-14-2	INVALID
rerun-v2-bit-14-3	INVALID
rerun-v2-bit-14-4	INVALID
rerun-v2-bit-14-5	INVALID
rerun-v2-bit-14-6	INVALID
rerun-v2-bit-14-7	INVALID
rerun-v2-bit-15-0	INVALID
rerun-v2-bit-15-1	INVALID
rerun-v2-bit-15-2	INVALID
rerun-v2-bit-15-3	INVALID
rerun-v2-bit-15-4	INVALID
rerun-v2-bit-15-5	INVALID
rerun-v2-bit-15-6	INVALID
rerun-v2-bit-15-7	INVALID
rerun-v2-bit-16-0	INVALID
rerun-v2-bit-16-1	INVALID
rerun-v2-bit-16-2	INVALID
rerun-v2-bit-16-3	INVALID
rerun-v2-bit-16-4	INVALID
rerun-v2-bit-16-5	INVALID
rerun-v2-bit-16-6	INVALID
rerun-v2-bit-16-7	INVALID
rerun-v2-bit-17-0	INVALID
rerun-v2-bit-17-1	INVALID
rerun-v2-bit-17-2	INVALID
rerun-v2-bit-17-3	INVALID
rerun-v2-bit-17-4	INVALID
rerun-v2-bit-17-5	INVALID
rerun-v2-bit-17-6	INVALID
rerun-v2-bit-17-7	INVALID
rerun-v2-bit-18-0	INVALID
rerun-v2-bit-18-1	INVALID
rerun-v2-bit-18-2	INVALID
rerun-v2-bit-18-3	INVALID
rerun-v2-bit-18-4	INVALID
rerun-v2-bit-18-5	INVALID
rerun-v2-bit-18-6	INVALID
rerun-v2-bit-18-7	INVALID
rerun-v2-bit-19-0	INVALID
rerun-v2-bit-19-1	INVALID
rerun-v2-bit-19-2	INVALID
rerun-v2-bit-19-3	INVALID
rerun-v2-bit-19-4	INVALID
rerun-v2-bit-19-5	INVALID
rerun-v2-bit-19-6	INVALID
rerun-v2-bit-19-7	INVALID
rerun-v2-bit-20-0	INVALID
rerun-v2-bit-20-1	INVALID
rerun-v2-bit-20-2	INVALID
rerun-v2-bit-20-3	INVALID
rerun-v2-bit-20-4	INVALID
rerun-v2-bit-20-5	INVALID
rerun-v2-bit-20-6	INVALID
rerun-v2-bit-20-7	INVALID
rerun-v2-bit-21-0	INVALID
rerun-v2-bit-21-1	INVALID
rerun-v2-bit-21-2	INVALID
rerun-v2-bit-21-3	INVALID
rerun-v2-bit-21-4	INVALID
rerun-v2-bit-21-5	INVALID
rerun-v2-bit-21-6	INVALID
rerun-v2-bit-21-7	INVALID
rerun-v2-bit-22-0	INVALID
rerun-v2-bit-22-1	INVALID
rerun-v2-bit-22-2	INVALID
rerun-v2-bit-22-3	INVALID
rerun-v2-bit-22-4	INVALID
rerun-v2-bit-22-5	INVALID
rerun-v2-bit-22-6	INVALID
rerun-v2-bit-22-7	INVALID
rerun-v2-bit-23-0	INVALID
rerun-v2-bit-23-1	INVALID
rerun-v2-bit-23-2	INVALID
rerun-v2-bit-23-3	INVALID
rerun-v2-bit-23-4	INVALID
rerun-v2-bit-23-5	INVALID
rerun-v2-bit-23-6	INVALID
rerun-v2-bit-23-7	INVALID
rerun-v2-bit-24-0	INVALID
rerun-v2-bit-24-1	INVALID
rerun-v2-bit-24-2	INVALID
rerun-v2-bit-24-3	INVALID
rerun-v2-bit-24-4	INVALID
rerun-v2-bit-24-5	INVALID
rerun-v2-bit-24-6	INVALID
rerun-v2-bit-24-7	INVALID
rerun-v2-bit-25-0	INVALID
rerun-v2-bit-25-1	INVALID
rerun-v2-bit-25-2	INVALID
rerun-v2-bit-25-3	INVALID
rerun-v2-bit-25-4	INVALID
rerun-v2-bit-25-5	INVALID
rerun-v2-bit-25-6	INVALID
rerun-v2-bit-25-7	INVALID
rerun-v2-bit-26-0	INVALID
rerun-v2-bit-26-1	INVALID
rerun-v2-bit-26-2	INVALID
rerun-v2-bit-26-3	INVALID
rerun-v2-bit-26-4	INVALID
rerun-v2-bit-26-5	INVALID
rerun-v2-bit-26-6	INVALID
rerun-v2-bit-26-7	INVALID
rerun-v2-bit-27-0	INVALID
rerun-v2-bit-27-1	INVALID
rerun-v2-bit-27-2	INVALID
rerun-v2-bit-27-3	INVALID
rerun-v2-bit-27-4	INVALID
rerun-v2-bit-27-5	INVALID
rerun-v2-bit-27-6	INVALID
rerun-v2-bit-27-7	INVALID
rerun-v2-bit-28-0	INVALID
rerun-v2-bit-28-1	INVALID
rerun-v2-bit-28-2	INVALID
rerun-v2-bit-28-3	INVALID
rerun-v2-bit-28-4	INVALID
rerun-v2-bit-28-5	INVALID
rerun-v2-bit-28-6	INVALID
rerun-v2-bit-28-7	INVALID
rerun-v2-bit-29-0	INVALID
rerun-v2-bit-29-1	INVALID
rerun-v2-bit-29-2	INVALID
rerun-v2-bit-29-3	INVALID
rerun-v2-bit-29-4	INVALID
rerun-v2-bit-29-5	INVALID
rerun-v2-bit-29-6	INVALID
rerun-v2-bit-29-7	INVALID
rerun-v2-bit-30-0	INVALID
rerun-v2-bit-30-1	INVALID
rerun-v2-bit-30-2	INVALID
rerun-v2-bit-30-3	INVALID
rerun-v2-bit-30-4	INVALID
rerun-v2-bit-30-5	INVALID
rerun-v2-bit-30-6	INVALID
rerun-v2-bit-30-7	INVALID
rerun-v2-bit-31-0	INVALID
rerun-v2-bit-31-1	INVALID
rerun-v2-bit-31-2	INVALID
rerun-v2-bit-31-3	INVALID
rerun-v2-bit-31-4	INVALID
rerun-v2-bit-31-5	INVALID
rerun-v2-bit-31-6	INVALID
rerun-v2-bit-31-7	INVALID
rerun-v2-bit-32-0	INVALID
rerun-v2-bit-32-1	INVALID
rerun-v2-bit-32-2	INVALID
rerun-v2-bit-32-3	INVALID
rerun-v2-bit-32-4	INVALID
rerun-v2-bit-32-5	INVALID
rerun-v2-bit-32-6	INVALID
rerun-v2-bit-32-7	INVALID
rerun-v2-bit-33-0	INVALID
rerun-v2-bit-33-1	INVALID
rerun-v2-bit-33-2	INVALID
rerun-v2-bit-33-3	INVALID
rerun-v2-bit-33-4	INVALID
rerun-v2-bit-33-5	INVALID
rerun-v2-bit-33-6	INVALID
rerun-v2-bit-33-7	INVALID
rerun-v2-bit-34-0	INVALID
rerun-v2-bit-34-1	INVALID
rerun-v2-bit-34-2	INVALID
rerun-v2-bit-34-3	INVALID
rerun-v2-bit-34-4	INVALID
rerun-v2-bit-34-5	INVALID
rerun-v2-bit-34-6	INVALID
rerun-v2-bit-34-7	INVALID
rerun-v2-bit-35-0	INVALID
rerun-v2-bit-35-1	INVALID
rerun-v2-bit-35-2	INVALID
rerun-v2-bit-35-3	INVALID
rerun-v2-bit-35-4	INVALID
rerun-v2-bit-35-5	INVALID
rerun-v2-bit-35-6	INVALID
rerun-v2-bit-35-7	INVALID
rerun-v2-bit-36-0	INVALID
rerun-v2-bit-36-1	INVALID
rerun-v2-bit-36-2	INVALID
rerun-v2-bit-36-3	INVALID
rerun-v2-bit-36-4	INVALID
rerun-v2-bit-36-5	INVALID
rerun-v2-bit-36-6	INVALID
rerun-v2-bit-36-7	INVALID
rerun-v2-bit-37-0	INVALID
rerun-v2-bit-37-1	INVALID
rerun-v2-bit-37-2	INVALID
rerun-v2-bit-37-3	INVALID
rerun-v2-bit-37-4	INVALID
rerun-v2-bit-37-5	INVALID
rerun-v2-bit-37-6	INVALID
rerun-v2-bit-37-7	INVALID
rerun-v2-bit-38-0	INVALID
rerun-v2-bit-38-1	INVALID
rerun-v2-bit-38-2	INVALID
rerun-v2-bit-38-3	INVALID
rerun-v2-bit-38-4	INVALID
rerun-v2-bit-38-5	INVALID
rerun-v2-bit-38-6	INVALID
rerun-v2-bit-38-7	INVALID
rerun-v2-bit-39-0	INVALID
rerun-v2-bit-39-1	INVALID
rerun-v2-bit-39-2	INVALID
rerun-v2-bit-39-3	INVALID
rerun-v2-bit-39-4	INVALID
rerun-v2-bit-39-5	INVALID
rerun-v2-bit-39-6	INVALID
rerun-v2-bit-39-7	INVALID
rerun-v2-bit-40-0	INVALID
rerun-v2-bit-40-1	INVALID
rerun-v2-bit-40-2	INVALID
rerun-v2-bit-40-3	INVALID
rerun-v2-bit-40-4	INVALID
rerun-v2-bit-40-5	INVALID
rerun-v2-bit-40-6	INVALID
rerun-v2-bit-40-7	INVALID
rerun-v2-bit-41-0	INVALID
rerun-v2-bit-41-1	INVALID
rerun-v2-bit-41-2	INVALID
rerun-v2-bit-41-3	INVALID
rerun-v2-bit-41-4	INVALID
rerun-v2-bit-41-5	INVALID
rerun-v2-bit-41-6	INVALID
rerun-v2-bit-41-7	INVALID
rerun-v2-bit-42-0	INVALID
rerun-v2-bit-42-1	INVALID
rerun-v2-bit-42-2	INVALID
rerun-v2-bit-42-3	INVALID
rerun-v2-bit-42-4	INVALID
rerun-v2-bit-42-5	INVALID
rerun-v2-bit-42-6	INVALID
rerun-v2-bit-42-7	INVALID
rerun-v2-bit-43-0	INVALID
rerun-v2-bit-43-1	INVALID
rerun-v2-bit-43-2	INVALID
rerun-v2-bit-43-3	INVALID
rerun-v2-bit-43-4	INVALID
rerun-v2-bit-43-5	INVALID
rerun-v2-bit-43-6	INVALID
rerun-v2-bit-43-7	INVALID
rerun-v2-bit-44-0	INVALID
rerun-v2-bit-44-1	INVALID
rerun-v2-bit-44-2	INVALID
rerun-v2-bit-44-3	INVALID
rerun-v2-bit-44-4	INVALID
rerun-v2-bit-44-5	INVALID
rerun-v2-bit-44-6	INVALID
rerun-v2-bit-44-7	INVALID
rerun-v2-bit-45-0	INVALID
rerun-v2-bit-45-1	INVALID
rerun-v2-bit-45-2	INVALID
rerun-v2-bit-45-3	INVALID
rerun-v2-bit-45-4	INVALID
rerun-v2-bit-45-5	INVALID
rerun-v2-bit-45-6	INVALID
rerun-v2-bit-45-7	INVALID
rerun-v2-bit-46-0	INVALID
rerun-v2-bit-46-1	INVALID
rerun-v2-bit-46-2	INVALID
rerun-v2-bit-46-3	INVALID
rerun-v2-bit-46-4	INVALID
rerun-v2-bit-46-5	INVALID
rerun-v2-bit-46-6	INVALID
rerun-v2-bit-46-7	INVALID
rerun-v2-bit-47-0	INVALID
rerun-v2-bit-47-1	INVALID
rerun-v2-bit-47-2	INVALID
rerun-v2-bit-47-3	INVALID
rerun-v2-bit-47-4	INVALID
rerun-v2-bit-47-5	INVALID
rerun-v2-bit-47-6	INVALID
rerun-v2-bit-47-7	INVALID
rerun-v2-bit-48-0	INVALID
rerun-v2-bit-48-1	INVALID
rerun-v2-bit-48-2	INVALID
rerun-v2-bit-48-3	INVALID
rerun-v2-bit-48-4	INVALID
rerun-v2-bit-48-5	INVALID
rerun-v2-bit-48-6	INVALID
rerun-v2-bit-48-7	INVALID
rerun-v2-bit-49-0	INVALID
rerun-v2-bit-49-1	INVALID
rerun-v2-bit-49-2	INVALID
rerun-v2-bit-49-3	INVALID
rerun-v2-bit-49-4	INVALID
rerun-v2-bit-49-5	INVALID
rerun-v2-bit-49-6	INVALID
rerun-v2-bit-49-7	INVALID
rerun-v2-bit-50-0	INVALID
rerun-v2-bit-50-1	INVALID
rerun-v2-bit-50-2	INVALID
rerun-v2-bit-50-3	INVALID
rerun-v2-bit-50-4	INVALID
rerun-v2-bit-50-5	INVALID
rerun-v2-bit-50-6	INVALID
rerun-v2-bit-50-7	INVALID
rerun-v2-bit-51-0	INVALID
rerun-v2-bit-51-1	INVALID
rerun-v2-bit-51-2	INVALID
rerun-v2-bit-51-3	INVALID
rerun-v2-bit-51-4	INVALID
rerun-v2-bit-51-5	INVALID
rerun-v2-bit-51-6	INVALID
rerun-v2-bit-51-7	INVALID
rerun-v2-bit-52-0	INVALID
rerun-v2-bit-52-1	INVALID
rerun-v2-bit-52-2	INVALID
rerun-v2-bit-52-3	INVALID
rerun-v2-bit-52-4	INVALID
rerun-v2-bit-52-5	INVALID
rerun-v2-bit-52-6	INVALID
rerun-v2-bit-52-7	INVALID
rerun-v2-bit-53-0	INVALID
rerun-v2-bit-53-1	INVALID
rerun-v2-bit-53-2	INVALID
rerun-v2-bit-53-3	INVALID
rerun-v2-bit-53-4	INVALID
rerun-v2-bit-53-5	INVALID
rerun-v2-bit-53-6	INVALID
rerun-v2-bit-53-7	INVALID
rerun-v2-bit-54-0	INVALID
rerun-v2-bit-54-1	INVALID
rerun-v2-bit-54-2	INVALID
rerun-v2-bit-54-3	INVALID
rerun-v2-bit-54-4	INVALID
rerun-v2-bit-54-5	INVALID
rerun-v2-bit-54-6	INVALID
rerun-v2-bit-54-7	INVALID
rerun-v2-bit-55-0	INVALID
rerun-v2-bit-55-1	INVALID
rerun-v2-bit-55-2	INVALID
rerun-v2-bit-55-3	INVALID
rerun-v2-bit-55-4	INVALID
rerun-v2-bit-55-5	INVALID
rerun-v2-bit-55-6	INVALID
rerun-v2-bit-55-7	INVALID
rerun-v2-bit-56-0	INVALID
rerun-v2-bit-56-1	INVALID
rerun-v2-bit-56-2	INVALID
rerun-v2-bit-56-3	INVALID
rerun-v2-bit-56-4	INVALID
rerun-v2-bit-56-5	INVALID
rerun-v2-bit-56-6	INVALID
rerun-v2-bit-56-7	INVALID
rerun-v2-bit-57-0	INVALID
rerun-v2-bit-57-1	INVALID
rerun-v2-bit-57-2	INVALID
rerun-v2-bit-57-3	INVALID
rerun-v2-bit-57-4	INVALID
rerun-v2-bit-57-5	INVALID
rerun-v2-bit-57-6	INVALID
rerun-v2-bit-57-7	INVALID
rerun-v2-bit-58-0	INVALID
rerun-v2-bit-58-1	INVALID
rerun-v2-bit-58-2	INVALID
rerun-v2-bit-58-3	INVALID
rerun-v2-bit-58-4	INVALID
rerun-v2-bit-58-5	INVALID
rerun-v2-bit-58-6	INVALID
rerun-v2-bit-58-7	INVALID
rerun-v2-bit-59-0	INVALID
rerun-v2-bit-59-1	INVALID
rerun-v2-bit-59-2	INVALID
rerun-v2-bit-59-3	INVALID
rerun-v2-bit-59-4	INVALID
rerun-v2-bit-59-5	INVALID
rerun-v2-bit-59-6	INVALID
rerun-v2-bit-59-7	INVALID
rerun-v2-bit-60-0	INVALID
rerun-v2-bit-60-1	INVALID
rerun-v2-bit-60-2	INVALID
rerun-v2-bit-60-3	INVALID
rerun-v2-bit-60-4	INVALID
rerun-v2-bit-60-5	INVALID
rerun-v2-bit-60-6	INVALID
rerun-v2-bit-60-7	INVALID
rerun-v2-bit-61-0	INVALID
rerun-v2-bit-61-1	INVALID
rerun-v2-bit-61-2	INVALID
rerun-v2-bit-61-3	INVALID
rerun-v2-bit-61-4	INVALID
rerun-v2-bit-61-5	INVALID
rerun-v2-bit-61-6	INVALID
rerun-v2-bit-61-7	INVALID
rerun-v2-bit-62-0	INVALID
rerun-v2-bit-62-1	INVALID
rerun-v2-bit-62-2	INVALID
rerun-v2-bit-62-3	INVALID
rerun-v2-bit-62-4	INVALID
rerun-v2-bit-62-5	INVALID
rerun-v2-bit-62-6	INVALID
rerun-v2-bit-62-7	INVALID
rerun-v2-bit-63-0	INVALID
rerun-v2-bit-63-1	INVALID
rerun-v2-bit-63-2	INVALID
rerun-v2-bit-63-3	INVALID
rerun-v2-bit-63-4	INVALID
rerun-v2-bit-63-5	INVALID
rerun-v2-bit-63-6	INVALID
rerun-v2-bit-63-7	INVALID
rerun-v2-bit-64-0	INVALID
rerun-v2-bit-64-1	INVALID
rerun-v2-bit-64-2	INVALID
rerun-v2-bit-64-3	INVALID
rerun-v2-bit-64-4	INVALID
rerun-v2-bit-64-5	INVALID
rerun-v2-bit-64-6	INVALID
rerun-v2-bit-64-7	INVALID
rerun-v2-bit-65-0	INVALID
rerun-v2-bit-65-1	INVALID
rerun-v2-bit-65-2	INVALID
rerun-v2-bit-65-3	INVALID
rerun-v2-bit-65-4	INVALID
rerun-v2-bit-65-5	INVALID
rerun-v2-bit-65-6	INVALID
rerun-v2-bit-65-7	INVALID
rerun-v2-bit-66-0	INVALID
rerun-v2-bit-66-1	INVALID
rerun-v2-bit-66-2	INVALID
rerun-v2-bit-66-3	INVALID
rerun-v2-bit-66-4	INVALID
rerun-v2-bit-66-5	INVALID
rerun-v2-bit-66-6	INVALID
rerun-v2-bit-66-7	INVALID
rerun-v2-bit-67-0	INVALID
rerun-v2-bit-67-1	INVALID
rerun-v2-bit-67-2	INVALID
rerun-v2-bit-67-3	INVALID
rerun-v2-bit-67-4	INVALID
rerun-v2-bit-67-5	INVALID
rerun-v2-bit-67-6	INVALID
rerun-v2-bit-67-7	INVALID
rerun-v2-bit-68-0	INVALID
rerun-v2-bit-68-1	INVALID
rerun-v2-bit-68-2	INVALID
rerun-v2-bit-68-3	INVALID
rerun-v2-bit-68-4	INVALID
rerun-v2-bit-68-5	INVALID
rerun-v2-bit-68-6	INVALID
rerun-v2-bit-68-7	INVALID
rerun-v2-bit-69-0	INVALID
rerun-v2-bit-69-1	INVALID
rerun-v2-bit-69-2	INVALID
rerun-v2-bit-69-3	INVALID
rerun-v2-bit-69-4	INVALID
rerun-v2-bit-69-5	INVALID
rerun-v2-bit-69-6	INVALID
rerun-v2-bit-69-7	INVALID
rerun-v2-bit-70-0	INVALID
rerun-v2-bit-70-1	INVALID
rerun-v2-bit-70-2	INVALID
rerun-v2-bit-70-3	INVALID
rerun-v2-bit-70-4	INVALID
rerun-v2-bit-70-5	INVALID
rerun-v2-bit-70-6	INVALID
rerun-v2-bit-70-7	INVALID
rerun-v2-bit-71-0	INVALID
rerun-v2-bit-71-1	INVALID
rerun-v2-bit-71-2	INVALID
rerun-v2-bit-71-3	INVALID
rerun-v2-bit-71-4	INVALID
rerun-v2-bit-71-5	INVALID
rerun-v2-bit-71-6	INVALID
rerun-v2-bit-71-7	INVALID
rerun-v2-bit-72-0	INVALID
rerun-v2-bit-72-1	INVALID
rerun-v2-bit-72-2	INVALID
rerun-v2-bit-72-3	INVALID
rerun-v2-bit-72-4	INVALID
rerun-v2-bit-72-5	INVALID
rerun-v2-bit-72-6	INVALID
rerun-v2-bit-72-7	INVALID
rerun-v2-bit-73-0	INVALID
rerun-v2-bit-73-1	INVALID
rerun-v2-bit-73-2	INVALID
rerun-v2-bit-73-3	INVALID
rerun-v2-bit-73-4	INVALID
rerun-v2-bit-73-5	INVALID
rerun-v2-bit-73-6	INVALID
rerun-v2-bit-73-7	INVALID
rerun-v2-bit-74-0	INVALID
rerun-v2-bit-74-1	INVALID
rerun-v2-bit-74-2	INVALID
rerun-v2-bit-74-3	INVALID
rerun-v2-bit-74-4	INVALID
rerun-v2-bit-74-5	INVALID
rerun-v2-bit-74-6	INVALID
rerun-v2-bit-74-7	INVALID
rerun-v2-bit-75-0	INVALID
rerun-v2-bit-75-1	INVALID
rerun-v2-bit-75-2	INVALID
rerun-v2-bit-75-3	INVALID
rerun-v2-bit-75-4	INVALID
rerun-v2-bit-75-5	INVALID
rerun-v2-bit-75-6	INVALID
rerun-v2-bit-75-7	INVALID
rerun-v2-bit-76-0	INVALID
rerun-v2-bit-76-1	INVALID
rerun-v2-bit-76-2	INVALID
rerun-v2-bit-76-3	INVALID
rerun-v2-bit-76-4	INVALID
rerun-v2-bit-76-5	INVALID
rerun-v2-bit-76-6	INVALID
rerun-v2-bit-76-7	INVALID
rerun-v2-bit-77-0	INVALID
rerun-v2-bit-77-1	INVALID
rerun-v2-bit-77-2	INVALID
rerun-v2-bit-77-3	INVALID
rerun-v2-bit-77-4	INVALID
rerun-v2-bit-77-5	INVALID
rerun-v2-bit-77-6	INVALID
rerun-v2-bit-77-7	INVALID
rerun-v2-bit-78-0	INVALID
rerun-v2-bit-78-1	INVALID
rerun-v2-bit-78-2	INVALID
rerun-v2-bit-78-3	INVALID
rerun-v2-bit-78-4	INVALID
rerun-v2-bit-78-5	INVALID
rerun-v2-bit-78-6	INVALID
rerun-v2-bit-78-7	INVALID
rerun-v2-bit-79-0	INVALID
rerun-v2-bit-79-1	INVALID
rerun-v2-bit-79-2	INVALID
rerun-v2-bit-79-3	INVALID
rerun-v2-bit-79-4	INVALID
rerun-v2-bit-79-5	INVALID
rerun-v2-bit-79-6	INVALID
rerun-v2-bit-79-7	INVALID
rerun-v2-s-plus-1L	INVALID
rerun-v2-s-plus-2L	INVALID
rerun-v2-s-plus-3L	INVALID
rerun-v2-s-plus-4L	INVALID
rerun-v2-s-plus-5L	INVALID
rerun-v2-s-plus-6L	INVALID
rerun-v2-s-plus-7L	INVALID
rerun-v2-s-plus-8L	INVALID
rerun-v2-s-plus-9L	INVALID
rerun-v2-s-plus-10L	INVALID
rerun-v2-s-plus-11L	INVALID
rerun-v2-s-plus-12L	INVALID
rerun-v2-s-plus-13L	INVALID
rerun-v2-s-plus-14L	INVALID
rerun-v2-s-plus-15L	INVALID
rerun-v2-pk-zero	INVALID
rerun-v2-gamma-zero	INVALID
rerun-v2-pk-identity	INVALID
rerun-v2-gamma-identity	INVALID
rerun-v2-pk-minus-one	INVALID
rerun-v2-gamma-minus-one	INVALID
rerun-v2-pk-p	INVALID
rerun-v2-gamma-p	INVALID
rerun-v2-pk-p-plus-one	INVALID
rerun-v2-gamma-p-plus-one	INVALID
rerun-v2-pk-negative-zero	INVALID
rerun-v2-gamma-negative-zero	INVALID
rerun-v2-wrong-message	INVALID
rerun-v2-truncated-message	INVALID
t-v0-pk-negative-zero	INVALID
t-v0-gamma-negative-zero	INVALID
t-v1-pk-negative-zero	INVALID
t-v1-gamma-negative-zero	INVALID
t-v2-pk-negative-zero	INVALID
t-v2-gamma-negative-zero	INVALID
t-mixed-y-0	INVALID
t-mixed-gamma-0	INVALID
t-mixed-y-1	INVALID
t-mixed-gamma-1	INVALID
t-mixed-y-2	INVALID
t-mixed-gamma-2	INVALID
t-mixed-y-3	INVALID
t-mixed-gamma-3	INVALID
t-mixed-y-4	INVALID
t-mixed-gamma-4	INVALID
t-mixed-y-5	INVALID
t-mixed-gamma-5	INVALID
t-mixed-y-6	INVALID
t-mixed-gamma-6	INVALID
t-mixed-y-7	INVALID
t-mixed-gamma-7	INVALID
t-mixed-y-8	INVALID
t-mixed-gamma-8	INVALID
t-mixed-y-9	INVALID
t-mixed-gamma-9	INVALID
t-mixed-y-10	INVALID
t-mixed-gamma-10	INVALID
t-mixed-y-11	INVALID
t-mixed-gamma-11	INVALID
t-mixed-y-12	INVALID
t-mixed-gamma-12	INVALID
t-mixed-y-13	INVALID
t-mixed-gamma-13	INVALID
t-mixed-y-14	INVALID
t-mixed-gamma-14	INVALID
t-mixed-y-15	INVALID
t-mixed-gamma-15	INVALID
t-negative-zero-1	INVALID
t-negative-zero-57896044618658097711785492504343953926634992332820282019728792003956564819948	INVALID
unstructured-0	INVALID
unstructured-1	INVALID
unstructured-2	INVALID
unstructured-3	INVALID
unstructured-4	INVALID
unstructured-5	INVALID
unstructured-6	INVALID
unstructured-7	INVALID
unstructured-8	INVALID
unstructured-9	INVALID
unstructured-10	INVALID
unstructured-11	INVALID
unstructured-12	INVALID
unstructured-13	INVALID
unstructured-14	INVALID
unstructured-15	INVALID
unstructured-16	INVALID
unstructured-17	INVALID
unstructured-18	INVALID
unstructured-19	INVALID
unstructured-20	INVALID
unstructured-21	INVALID
unstructured-22	INVALID
unstructured-23	INVALID
unstructured-24	INVALID
unstructured-25	INVALID
unstructured-26	INVALID
unstructured-27	INVALID
unstructured-28	INVALID
unstructured-29	INVALID
unstructured-30	INVALID
unstructured-31	INVALID
unstructured-32	INVALID
unstructured-33	INVALID
unstructured-34	INVALID
unstructured-35	INVALID
unstructured-36	INVALID
unstructured-37	INVALID
unstructured-38	INVALID
unstructured-39	INVALID
unstructured-40	INVALID
unstructured-41	INVALID
unstructured-42	INVALID
unstructured-43	INVALID
unstructured-44	INVALID
unstructured-45	INVALID
unstructured-46	INVALID
unstructured-47	INVALID
unstructured-48	INVALID
unstructured-49	INVALID
unstructured-50	INVALID
unstructured-51	INVALID
unstructured-52	INVALID
unstructured-53	INVALID
unstructured-54	INVALID
unstructured-55	INVALID
unstructured-56	INVALID
unstructured-57	INVALID
unstructured-58	INVALID
unstructured-59	INVALID
unstructured-60	INVALID
unstructured-61	INVALID
unstructured-62	INVALID
unstructured-63	INVALID
unstructured-64	INVALID
unstructured-65	INVALID
unstructured-66	INVALID
unstructured-67	INVALID
unstructured-68	INVALID
unstructured-69	INVALID
unstructured-70	INVALID
unstructured-71	INVALID
unstructured-72	INVALID
unstructured-73	INVALID
unstructured-74	INVALID
unstructured-75	INVALID
unstructured-76	INVALID
unstructured-77	INVALID
unstructured-78	INVALID
unstructured-79	INVALID
unstructured-80	INVALID
unstructured-81	INVALID
unstructured-82	INVALID
unstructured-83	INVALID
unstructured-84	INVALID
unstructured-85	INVALID
unstructured-86	INVALID
unstructured-87	INVALID
unstructured-88	INVALID
unstructured-89	INVALID
unstructured-90	INVALID
unstructured-91	INVALID
unstructured-92	INVALID
unstructured-93	INVALID
unstructured-94	INVALID
unstructured-95	INVALID
unstructured-96	INVALID
unstructured-97	INVALID
unstructured-98	INVALID
unstructured-99	INVALID
unstructured-100	INVALID
unstructured-101	INVALID
unstructured-102	INVALID
unstructured-103	INVALID
unstructured-104	INVALID
unstructured-105	INVALID
unstructured-106	INVALID
unstructured-107	INVALID
unstructured-108	INVALID
unstructured-109	INVALID
unstructured-110	INVALID
unstructured-111	INVALID
unstructured-112	INVALID
unstructured-113	INVALID
unstructured-114	INVALID
unstructured-115	INVALID
unstructured-116	INVALID
unstructured-117	INVALID
unstructured-118	INVALID
unstructured-119	INVALID
unstructured-120	INVALID
unstructured-121	INVALID
unstructured-122	INVALID
unstructured-123	INVALID
unstructured-124	INVALID
unstructured-125	INVALID
unstructured-126	INVALID
unstructured-127	INVALID
unstructured-128	INVALID
unstructured-129	INVALID
unstructured-130	INVALID
unstructured-131	INVALID
unstructured-132	INVALID
unstructured-133	INVALID
unstructured-134	INVALID
unstructured-135	INVALID
unstructured-136	INVALID
unstructured-137	INVALID
unstructured-138	INVALID
unstructured-139	INVALID
unstructured-140	INVALID
unstructured-141	INVALID
unstructured-142	INVALID
unstructured-143	INVALID
unstructured-144	INVALID
unstructured-145	INVALID
unstructured-146	INVALID
unstructured-147	INVALID
unstructured-148	INVALID
unstructured-149	INVALID
unstructured-150	INVALID
unstructured-151	INVALID
unstructured-152	INVALID
unstructured-153	INVALID
unstructured-154	INVALID
unstructured-155	INVALID
unstructured-156	INVALID
unstructured-157	INVALID
unstructured-158	INVALID
unstructured-159	INVALID
unstructured-160	INVALID
unstructured-161	INVALID
unstructured-162	INVALID
unstructured-163	INVALID
unstructured-164	INVALID
unstructured-165	INVALID
unstructured-166	INVALID
unstructured-167	INVALID
unstructured-168	INVALID
unstructured-169	INVALID
unstructured-170	INVALID
unstructured-171	INVALID
unstructured-172	INVALID
unstructured-173	INVALID
unstructured-174	INVALID
unstructured-175	INVALID
unstructured-176	INVALID
unstructured-177	INVALID
unstructured-178	INVALID
unstructured-179	INVALID
unstructured-180	INVALID
unstructured-181	INVALID
unstructured-182	INVALID
unstructured-183	INVALID
unstructured-184	INVALID
unstructured-185	INVALID
unstructured-186	INVALID
unstructured-187	INVALID
unstructured-188	INVALID
unstructured-189	INVALID
unstructured-190	INVALID
unstructured-191	INVALID
unstructured-192	INVALID
unstructured-193	INVALID
unstructured-194	INVALID
unstructured-195	INVALID
unstructured-196	INVALID
unstructured-197	INVALID
unstructured-198	INVALID
unstructured-199	INVALID
unstructured-200	INVALID
unstructured-201	INVALID
unstructured-202	INVALID
unstructured-203	INVALID
unstructured-204	INVALID
unstructured-205	INVALID
unstructured-206	INVALID
unstructured-207	INVALID
unstructured-208	INVALID
unstructured-209	INVALID
unstructured-210	INVALID
unstructured-211	INVALID
unstructured-212	INVALID
unstructured-213	INVALID
unstructured-214	INVALID
unstructured-215	INVALID
unstructured-216	INVALID
unstructured-217	INVALID
unstructured-218	INVALID
unstructured-219	INVALID
unstructured-220	INVALID
unstructured-221	INVALID
unstructured-222	INVALID
unstructured-223	INVALID
unstructured-224	INVALID
unstructured-225	INVALID
unstructured-226	INVALID
unstructured-227	INVALID
unstructured-228	INVALID
unstructured-229	INVALID
unstructured-230	INVALID
unstructured-231	INVALID
unstructured-232	INVALID
unstructured-233	INVALID
unstructured-234	INVALID
unstructured-235	INVALID
unstructured-236	INVALID
unstructured-237	INVALID
unstructured-238	INVALID
unstructured-239	INVALID
unstructured-240	INVALID
unstructured-241	INVALID
unstructured-242	INVALID
unstructured-243	INVALID
unstructured-244	INVALID
unstructured-245	INVALID
unstructured-246	INVALID
unstructured-247	INVALID
unstructured-248	INVALID
unstructured-249	INVALID
unstructured-250	INVALID
unstructured-251	INVALID
unstructured-252	INVALID
unstructured-253	INVALID
unstructured-254	INVALID
unstructured-255	INVALID
v0-scalar-boundary-0	INVALID
v0-scalar-boundary-1	INVALID
v0-scalar-boundary-7237005577332262213973186563042994240829374041602535252466099000494570602495	INVALID
v0-scalar-boundary-7237005577332262213973186563042994240857116359379907606001950938285454250988	INVALID
v0-scalar-boundary-7237005577332262213973186563042994240857116359379907606001950938285454250989	INVALID
v0-scalar-boundary-7237005577332262213973186563042994240857116359379907606001950938285454250990	INVALID
v0-scalar-boundary-115792089237316195423570985008687907853269984665640564039457584007913129639935	INVALID
v1-scalar-boundary-0	INVALID
v1-scalar-boundary-1	INVALID
v1-scalar-boundary-7237005577332262213973186563042994240829374041602535252466099000494570602495	INVALID
v1-scalar-boundary-7237005577332262213973186563042994240857116359379907606001950938285454250988	INVALID
v1-scalar-boundary-7237005577332262213973186563042994240857116359379907606001950938285454250989	INVALID
v1-scalar-boundary-7237005577332262213973186563042994240857116359379907606001950938285454250990	INVALID
v1-scalar-boundary-115792089237316195423570985008687907853269984665640564039457584007913129639935	INVALID
v2-scalar-boundary-0	INVALID
v2-scalar-boundary-1	INVALID
v2-scalar-boundary-7237005577332262213973186563042994240829374041602535252466099000494570602495	INVALID
v2-scalar-boundary-7237005577332262213973186563042994240857116359379907606001950938285454250988	INVALID
v2-scalar-boundary-7237005577332262213973186563042994240857116359379907606001950938285454250989	INVALID
v2-scalar-boundary-7237005577332262213973186563042994240857116359379907606001950938285454250990	INVALID
v2-scalar-boundary-115792089237316195423570985008687907853269984665640564039457584007913129639935	INVALID
