affine-equation-0	e	7ae8dfa6a90b00ff56fbc0dfdf70883041974389b8f282331cc6f908d43bd65b	33749a215266971337647974b857abba3b4d3d738a77f0f2c87701c4924a43b7	95f8c5f84bee42756be50a465a5ec658	14e6541f005db2cb22bb58c9f427595569609fdc5bb8335f3f6983cead5c740a
affine-equation-1	e	509f21ef1627f8085871fdfa1292bc5386f2e5a7eb04e6e8577c673a6f586e02	e508f75648e83b9a0e2647037ba094d6ae1bdae72145e2e637094d4e7e57d4d6	b5e6b49948e8938dd5dd13e74ed43ce9	87dbcdd04fcacbc15a0abba9e24568fc7cb19d67f08ce0a2ee4bdccadb7e8a09
affine-equation-2	e	d3813a07c444c4cda4e08e0f7c4aef96fd3e3a55ddf61a16362a04ec4d6fd002	d005408e4a8b9ebff15615bb7a87c88fdbde59bd8d691bc92de552beee53ffda	8b8d7a169a44aa85af04f83edac7c350	72599b33a6e7e2258d49352c33e9f0943f9852eeca4fa7de124464ab21946305
affine-equation-3	e	91096f08b72a52468126fd7a514d287e72a2ffb9d83135e70bb8bf6e6ba1d4ab	051aa01b8ce533fedae0e6b3786bdf2c09cdd48adb75995dd9bf2d8e43d3b1a9	07dffcbf6ff32a6ffb9cf80fad8cd929	d4195c6d34da488aaa8d9a59040945c7f357a52d0ce17f27b1ba4387f942030d
affine-equation-4	e	251111b0278ae6a16e62f0bf22634dd871b4e85d0bc16040cc70fe01bd16bd53	a8bc2163dc8a808eb2f84804608ab4af016f6335f63b01ff0dd3f6d2f547e3d4	6584c05c62c6ba49e9cd9700612e51aa	dbe0d0e8ceab8ed57f84600c6a74e685a31562244cb6c41fe4f9fadac1e7be02
affine-equation-5	e	877e92cc49cc83486c6f88d611cba49cf777842fb77d5cb9a92485ca2fb997cd	4ddeb0a314e9b950b85e1f9c0e0b93f89fa35ae397f2610d7b9cdbdfa8f3b180	97b53abc2e14788ff3b78ec2e31c7119	cf634c2419ab5666afb8fea70498126b4968a5fdc57943bbd707e44b414b6501
affine-equation-6	e	2fee9831c046584a52f0216b17199bd3e81ff386e9fba0503f33089918f98ed9	42640bffbe3114a625f2c2a6469953a0d33806d062f5601b5ed6be9ad6a02508	d4257a53cd642f9f479b062fc143b183	630fc0a120e305d1fd8320da064272e4b032cd733bfbfe540f930ece0cd10106
affine-equation-7	e	ba4686488cf5fe0c26c963f8fb836730573ca57ec31814c2c6ebb6c3ff70f76e	c903493cadeb43fe0b2e88534eeddc08dc9dc8d5adbbb44042dfe5d26795d29b	20792804313baae0e0460db343a85e8a	c28e7f8c047c7b3f33531ff3cfb0b189e5c7332252d2307ea5aee18928122c0c
affine-equation-8	e	f340f880f06e538217a3abb123379d0cb3332cee24059e948953b69d2e9761b7	b84cca0457ebde7c1557ca3762b7961ad8de6a73d2862df21759ae2e0ac7274e	cdd4abd6648b387e1272201ab53859d3	694809d4b2008633b4f636ce0de3b2eecbcb49edc1e982a5702f34780ca09d02
affine-equation-9	e	90bfc638beea67faa5cf9f027081362b3e12182082d4c89feb4b273f7440674a	6e8558b153dd40d9ce0a67bf0c991cf206fa51cdb713a1d9287f58a0f8821d9b	4180b7580eed934c746c16ffa8a4ee7b	f1de1872400db4a15bbfe2aa82206c403b1bd885ef152e78de38b9e6313b2601
affine-equation-10	e	4cd1d745e2ca64630dd957592ad771dd84e09049e898421d406acc0cec6eee29	c86bf126d0db5b8476572efbe0ca31d736cf700ee25ebc087a4486d6d663fe74	0b0ace575fa738d2c5d06fcae516c0a9	b37be174b78f437a199988f58d1658351beed7d2dce4bbd41e3bb2a856e36507
affine-equation-11	e	ac64c80298a992989b29e3840300ddf1174f5bd7e2c5a9babaa8a8332bb46356	afb0e3d3c222bc31089384519afb8042a09f38f7cdc7aa6ffcca1ef7e6317980	32a9e9b37944d6444a15db4bc61c0d1f	53a9fa79f315d8bfe56494bcbb39c077e9c82564a38083317d5e8508a901530b
affine-equation-12	e	e9b5b14e8856df8642f550876702a2b6aabd1ba65b673b778aa90dd4a9550714	7bc7435fae087063b3a6170d2ac4cc3fe3341dec7c0964ae07ce56c4c3bbce7b	83598cb5e5b02d29193f70a50e7c5b03	905dbcee6940ffb1d6a98cce04bbc46dac19d5b7d7ce9eb493c13050df00080f
affine-equation-13	e	abad55b691816add2a313baa50655c97ddcb0ce75d2946c819fcf5b97fe11501	39888c741426ea0aa153605c66308653567c4d5a93bf39be7c0884cc844d9566	32bc3fc76cb5f6880bbf97f22c050131	4a91fa30162f1dba2e3fa788257cc2f6803bbef11f1130156cb79cdd53665602
affine-equation-14	e	9288311226490b0bbaed160856b3b8f70da842998a699246b7565b1c7b0a0779	21aa892cfabd3f1c5098236a8d34a643ecaba0f7255e0a9735e4a79f5052bdad	ab896f7a31aeb4a3779d4bfea986359e	61e43ca5be3563fa271b48ce342e8c3445cbd1c319e7c4b402ce1f9cfd33710a
affine-equation-15	e	6721042e954ac2f26bc7a4b2418089a3adc9add448d22196a811fb4293bb7f56	471271361a6ab3578a5de4ee10f58e6422fe1078f88165581b3b6eeac1da0a9e	3c7236013d782e75a540f9c63bfcd36d	873ba4097cc9f285aaaea80ebb53b8f78a00dcffbefbb57c036b10048405ee0e
affine-equation-16	e	52940255f21bef91c261eddc5994d85b68ebe0c81d271bb13e7899d203d4eed1	3f6d3a0088f655669ac3cf181e29c5a78c1508a94177620878c2812b576d5a12	e3b10c968582cc688ecd31a8160941d2	883f1ea5f4bfa4468a0d15dfa5680c11cb120859ee7683d4ce274aebb6666c0f
affine-equation-17	e	33749a215266971337647974b857abba3b4d3d738a77f0f2c87701c4924a43b7	3ced9319b81d02d809770458a51bcd6c2972613aeb6e4f3d01ec0614154683ed	7c82e54542d1c941fdd77bd16722ceed	3e3aa5b824a2fad801035b803ea63fa67e2aee1d4fed9f5cbd33b941007e790e
affine-equation-18	e	e508f75648e83b9a0e2647037ba094d6ae1bdae72145e2e637094d4e7e57d4d6	441bf3b7acf4c30679e1930631428b10c0583ad24960993ddf489e92a1595e3c	7a3b891affa355ae2501cec5af335582	db887b61a27c4e9499aa0fc3d46f9584db25dd386965249b17aef6b90823f60d
affine-equation-19	e	d005408e4a8b9ebff15615bb7a87c88fdbde59bd8d691bc92de552beee53ffda	a2f70cdfab39a35048d46693493094a76e9015454d15aa2289947692f2ff6d7d	8b65235b2050afb7f37118b43981f64d	6b5ff9048b9724bab300d9abe2e86bad15bd485f93feb787bfd8e034d495d600
affine-equation-20	e	051aa01b8ce533fedae0e6b3786bdf2c09cdd48adb75995dd9bf2d8e43d3b1a9	be0aa5356ae6c4e759b643812baa07d8f7577d9f890acb1aa8d6e1610b3cd790	9e49cae7702720379848859fe4b80a6d	83895bfdc6416a0496bb32d6ee2e4b23cbc444a33666ef78b932a55b29ef4c0c
affine-equation-21	e	a8bc2163dc8a808eb2f84804608ab4af016f6335f63b01ff0dd3f6d2f547e3d4	e402a0009d027fcf3d35acfa4f8bb90084b7b314601c0e47fb5b46a13ccdd7e1	8a7d810700888f3b873012675c3910c3	7cd5700048009330b4cf7cd8f5f860152d7a43ab4cebb339629a1d01579a8e09
affine-equation-22	e	4ddeb0a314e9b950b85e1f9c0e0b93f89fa35ae397f2610d7b9cdbdfa8f3b180	03cbd7533558922ed9c8ff16b30d5873ef0d8d7ff6545edb4727ee99261f1721	68c895842a20b9831c1bf2679813f31e	7edf3196e314b68f3002729225437edee039d79c997ea4784c93a03dbc0ab508
affine-equation-23	e	42640bffbe3114a625f2c2a6469953a0d33806d062f5601b5ed6be9ad6a02508	c0578251fffa8b1ef7faace367b6458b26faabf9c99541de9f944bbd781aa36a	ebc5f95f15e997e6fc400c42bda76568	a69d166fd9e05b64c144833ede57f804472c9811f9a0ba049f43d1df02d8cd08
affine-equation-24	e	c903493cadeb43fe0b2e88534eeddc08dc9dc8d5adbbb44042dfe5d26795d29b	c34ccddba74e870bd865882bc4fd3df18b83731a783ce386e6a3db650f218cde	51b2b03455fc9ee532760526636af79d	a4745692132b8a51158d859fac4eca5bd54134d0c879c8159f833ebf243bb805
affine-equation-25	e	b84cca0457ebde7c1557ca3762b7961ad8de6a73d2862df21759ae2e0ac7274e	aa1f5d490ce82bc94c51052f47c040b7d7893a67206d632c107d28255bca18c6	e5282517b4ef8b42e6a5ba485e505f8e	e2c142e834b590597488509c430cc0a3dfc73a6d0b62621dffeb06294fa2860d
affine-equation-26	e	6e8558b153dd40d9ce0a67bf0c991cf206fa51cdb713a1d9287f58a0f8821d9b	00bc650ad6c2d44ee4335c59f5c7a4688f962da16c7c576e5ad5a3df46f8a6fa	e78247dbe3a5e10e901e8c83c19bbe91	938bba35202fff488b7d6096683c2494f3abad064967b52f9a8828fa03658401
affine-equation-27	e	c86bf126d0db5b8476572efbe0ca31d736cf700ee25ebc087a4486d6d663fe74	4c9aa9afbcc7b356801b38e853a1567d8ccc1fd972292b8a6340d2c57100d93a	4ca94dc1eefdb1c5356cf64d526be95e	05543e0fc485ad2bb78b1340d72fa19e58c8fbaafaab8c829a6d90b4f1989b0f
affine-equation-28	e	afb0e3d3c222bc31089384519afb8042a09f38f7cdc7aa6ffcca1ef7e6317980	a2b7b61760f327c01f33d8e957b5deb366b1c08e3e9076c022986692c10bf46d	5d124a21ffec6253026b07168e4ee7b3	8b3f737f9163c9e4819c1afc6f152013a47bfb154c0f91500e344b068e6a1b09
affine-equation-29	e	7bc7435fae087063b3a6170d2ac4cc3fe3341dec7c0964ae07ce56c4c3bbce7b	6255dc90dd65e5440a48537d71bcc52bc6156ca6cefd7f519bcfccc905c3d818	691845b120019017eb2fd00495062503	10aafcb0d1e2c49c01cb9dc46387f7113c2ebda976bae105f19f8ecc3e4f4107
affine-equation-30	e	39888c741426ea0aa153605c66308653567c4d5a93bf39be7c0884cc844d9566	af9eeb5d7535955ced6bd7751572cc047b080b07f8d0f258efdcb5fe43c20430	aa41758a24a7147f5e9b9bdaec6c3ce7	c559443647835b9d9ee6822e6bb89f38ed98a730a81c15109501ee464897760a
affine-equation-31	e	21aa892cfabd3f1c5098236a8d34a643ecaba0f7255e0a9735e4a79f5052bdad	1810673b282c5ca3de5891599300834b2e2df4ba36fcb421a17643a3657f8444	31976d55f19e314d8453f5695c8aef82	7b84d9d1f14ebc16f58faae663ca4205d43596a2aa22b01db6ac45ea78e7be0b
affine-equation-32	e	471271361a6ab3578a5de4ee10f58e6422fe1078f88165581b3b6eeac1da0a9e	b3c98cc98d43c60910e16612b620230936eb7b00b18a4185e5486a686e61cb50	517a690912560118cdec5de8478b8f99	e0747c764d252b3a4fad22af740ac109cf5634b531403b7193afb7090f81dc0e
affine-equation-33	e	3f6d3a0088f655669ac3cf181e29c5a78c1508a94177620878c2812b576d5a12	83624249bbd7fa25e385dba9af48d98c31ec40e8800e74ef6764a130df1a8767	2e7b44ae986cebe28719f0abae13c743	de213d4e502a506cb3bc460d136441bf80900037d8a4fc69c14c74686765bc06
affine-equation-34	e	3ced9319b81d02d809770458a51bcd6c2972613aeb6e4f3d01ec0614154683ed	40dc293fe78433aa67be9af1d52f7823dee629160aa39c6c81d2f40903d722ca	01bd1c2632836027ef94a8df49183680	b5f19d48b2516ef7406cbc685c210fcb06cf793782c44816aaec5c531fcfe004
affine-equation-35	e	441bf3b7acf4c30679e1930631428b10c0583ad24960993ddf489e92a1595e3c	2c24c54bb07b0639fd6997d65032d3dd37dd5b57bf734d0cd140958cc3ff3063	1a591cd9ade463bddfc7be576f577746	8e4328c658bad748a2f894a180e86300f3d04db30fe3712fd2a4ad79fc50720a
affine-equation-36	e	a2f70cdfab39a35048d46693493094a76e9015454d15aa2289947692f2ff6d7d	bd0cc7619d64f42ae976767351b4b4da671cd75a5fc2d6d8c3cea61e91845506	842faa5c4c60604ea3d560ed1d760eb3	3575d9a5f2434a256f2ef639d24d8b3331215dcd207025c042d7b17194a19b0a
affine-equation-37	e	be0aa5356ae6c4e759b643812baa07d8f7577d9f890acb1aa8d6e1610b3cd790	a5b5692848fcd2248cc9e85d9fd48812acdf8ec45ef0960568e55af836792eef	1c4390847f2c0c3e60141e81a7bc56de	759999590bc30ae5c10013233775d1313a974e69e49ceaca9818359891686b07
affine-equation-38	e	e402a0009d027fcf3d35acfa4f8bb90084b7b314601c0e47fb5b46a13ccdd7e1	8b9e7478048422dea2661ba3786ccee612fba00e8e9aa1147eb266947dc902e5	76c4f60239367cef53362d7df6f797e1	d876299a2b663bd703781c9d1e565e76d0b9d09e746f76ac34ff4ef2310dfd03
affine-equation-39	e	03cbd7533558922ed9c8ff16b30d5873ef0d8d7ff6545edb4727ee99261f1721	b39d7efc6686fee1939d6d82cd760eb626629b8c62bc286298e9fc355d312fad	a7a25acc6d83a770529d13785648975f	afce914678be581d364adfa1630467c1989395c70dc634d0cce995d19b0d5701
affine-equation-40	e	c0578251fffa8b1ef7faace367b6458b26faabf9c99541de9f944bbd781aa36a	c735087ce7bcea4eaf3a4b4915da0dabfee85e9643d43684605e42b613f688f9	a9ef15750d28b5518ddad6fabbb81958	80cc9acf5e4a6b166feab45aaa5cb6f3bc1e4a57b098f07dc7321c55ef175306
affine-equation-41	e	c34ccddba74e870bd865882bc4fd3df18b83731a783ce386e6a3db650f218cde	814070d46a9cda7459cea206c1e4caf4d889abcf7b40d7b49b6d0c78b819aacf	c764579a4177e661b3bf752ce8f026c6	9f27a3cc03d56cb0bc5cce16c298a2269785a9d2f2df0a194fecfea5eeb13507
affine-equation-42	e	aa1f5d490ce82bc94c51052f47c040b7d7893a67206d632c107d28255bca18c6	ad9e334ff3a0e10f8fe8acc8fce82235dadc575dae9326466a342d121ef8bc7a	7b038a9de927ad68033b020e23990c5a	0dcde326588ecca5c6922800284c402613427237bc96732334c582cee4c68b0f
affine-equation-43	e	00bc650ad6c2d44ee4335c59f5c7a4688f962da16c7c576e5ad5a3df46f8a6fa	fe7446c15141c5a9cdcd52c57d258eab891470a894d47a3f2f1e77169b498d8b	7bbe4cc4046efb1089b6f1a055cc19c5	ad08aa3c5c632aa02e381323279a3cd590911a61a73acebc23b7375f7e428505
affine-equation-44	e	4c9aa9afbcc7b356801b38e853a1567d8ccc1fd972292b8a6340d2c57100d93a	915e11a971b3280f4725f595e9635685fecda708951b195bf9250d77126eca3a	b7e8e60a560b4da03ca4389dc6ff8398	bc32350c7acf0b477ab24c9af6c3eaa04e51662b4bdcd1264ac6590c0ab59d08
affine-equation-45	e	a2b7b61760f327c01f33d8e957b5deb366b1c08e3e9076c022986692c10bf46d	216990dfcb9cecf0d6d6a877417c6b11399df1e5921d8efbc93e6ae2f70406c7	349373ad2b3273502eea790bec4abd1e	bc7bd747830750368bac0578e5e35b147f142af09bb2604f493c6caf9e446100
affine-equation-46	e	6255dc90dd65e5440a48537d71bcc52bc6156ca6cefd7f519bcfccc905c3d818	ca1cbaf26e22969efdeda1b030e166745dd25d0cf48ce8a6233c38d0970c67b4	d1350a67be2d4a55649adfe492c28ac6	28373709ca82655a29c13406232c5d9ec3f1fd6a5c359e1da2d7a1c752055d0a
affine-equation-47	e	af9eeb5d7535955ced6bd7751572cc047b080b07f8d0f258efdcb5fe43c20430	7ae8dfa6a90b00ff56fbc0dfdf70883041974389b8f282331cc6f908d43bd65b	78efa9f9600bc497de2d875dc07c551a	da0c9f61eef68c2ab5eaae8e6d4d1f2e03e12d1d76f5114d3635dbf3a8b63f0a
affine-equation-48	e	1810673b282c5ca3de5891599300834b2e2df4ba36fcb421a17643a3657f8444	509f21ef1627f8085871fdfa1292bc5386f2e5a7eb04e6e8577c673a6f586e02	f4558c4bf8d3dc7b9e2b0eef38d99acd	8b34a1e5e46c49cf53c9dc7afcae264c215aa3e8181e86c2c1febff880b06d07
affine-equation-49	e	b3c98cc98d43c60910e16612b620230936eb7b00b18a4185e5486a686e61cb50	d3813a07c444c4cda4e08e0f7c4aef96fd3e3a55ddf61a16362a04ec4d6fd002	7e89384854670eeb3a9183c845ad1020	fa92674499a7cf40920e665c5a6364216d0fa0e410c948286261d22b94ad1d01
affine-equation-50	e	83624249bbd7fa25e385dba9af48d98c31ec40e8800e74ef6764a130df1a8767	91096f08b72a52468126fd7a514d287e72a2ffb9d83135e70bb8bf6e6ba1d4ab	aab714baa597d39ae0731838b018978c	57ed48b4075645fd3d91f48c25b7b20064530f4f95a483f7bad5294f94bdba0d
affine-equation-51	e	40dc293fe78433aa67be9af1d52f7823dee629160aa39c6c81d2f40903d722ca	251111b0278ae6a16e62f0bf22634dd871b4e85d0bc16040cc70fe01bd16bd53	6f99e5c8301ccabd9e632f401559591d	a8c3a2c9fdea619e91310b348f5c434a285845d5c757482e4080a4a14a00d70b
affine-equation-52	e	2c24c54bb07b0639fd6997d65032d3dd37dd5b57bf734d0cd140958cc3ff3063	877e92cc49cc83486c6f88d611cba49cf777842fb77d5cb9a92485ca2fb997cd	5fd04a9001f805ea52fefbf96d954381	dfcf36edfac9e57b1821e12d0acd683d98c371821e457a507ebf6a16493f9902
affine-equation-53	e	bd0cc7619d64f42ae976767351b4b4da671cd75a5fc2d6d8c3cea61e91845506	2fee9831c046584a52f0216b17199bd3e81ff386e9fba0503f33089918f98ed9	e1c578ccae36758d5234422f645cf34e	bc11c151c17393cea30f017fa95694698465287aa799c0508752f610be51290d
affine-equation-54	e	a5b5692848fcd2248cc9e85d9fd48812acdf8ec45ef0960568e55af836792eef	ba4686488cf5fe0c26c963f8fb836730573ca57ec31814c2c6ebb6c3ff70f76e	809f8cbf7fea7bcabcae7440ea9e5bd4	88609f5f7f48db4e23f30404ae40da02124bd41c0c4a31e183610882c02aba03
affine-equation-55	e	8b9e7478048422dea2661ba3786ccee612fba00e8e9aa1147eb266947dc902e5	f340f880f06e538217a3abb123379d0cb3332cee24059e948953b69d2e9761b7	e0188b77a052ae6fdb754e204ce7773f	cf9e8f661a35012e35ea998203f4a8ac8531a6f96a3493f325a7bd407dd4e502
affine-equation-56	e	b39d7efc6686fee1939d6d82cd760eb626629b8c62bc286298e9fc355d312fad	90bfc638beea67faa5cf9f027081362b3e12182082d4c89feb4b273f7440674a	ae1336b12f9b7aaf6a8545c47f11a385	130641382b3c20b9eb9c24b5c0ae0f74e8374c1cfdd919537971e50cf74c4306
affine-equation-57	e	c735087ce7bcea4eaf3a4b4915da0dabfee85e9643d43684605e42b613f688f9	4cd1d745e2ca64630dd957592ad771dd84e09049e898421d406acc0cec6eee29	edfaa18bef65ee324f5c6135b1312055	623866fc1f98b5fbc3186fa287e1f333cb12eeae6bd233ce5974db29fa62b704
affine-equation-58	e	814070d46a9cda7459cea206c1e4caf4d889abcf7b40d7b49b6d0c78b819aacf	ac64c80298a992989b29e3840300ddf1174f5bd7e2c5a9babaa8a8332bb46356	4814dd524050ea58006033be458470c7	f3da90f2a8ee9aba0ee1bc8b0f00fbfd7d10ed11d4f553c2a5aa283ca7dbbd0c
affine-equation-59	e	ad9e334ff3a0e10f8fe8acc8fce82235dadc575dae9326466a342d121ef8bc7a	e9b5b14e8856df8642f550876702a2b6aabd1ba65b673b778aa90dd4a9550714	4600d24bb5b6e3152fced4cea32905f6	56107ed98de7f864f6f6604dd0501bd2df73e5f84a20855c4048511a7195b208
affine-equation-60	e	fe7446c15141c5a9cdcd52c57d258eab891470a894d47a3f2f1e77169b498d8b	abad55b691816add2a313baa50655c97ddcb0ce75d2946c819fcf5b97fe11501	8551362ceb49c2e47acd040337a0dfce	80a6588480f4d654dc0fb323fef90cfd792975cb8915c6f8798c7575ca009d02
affine-equation-61	e	915e11a971b3280f4725f595e9635685fecda708951b195bf9250d77126eca3a	9288311226490b0bbaed160856b3b8f70da842998a699246b7565b1c7b0a0779	6a03ec16ec4b30966fa4276e47487478	bdade5b3d6cd719c5983dc0dbbf447867b720e7e538eb37381a21f5a59e8d104
affine-equation-62	e	216990dfcb9cecf0d6d6a877417c6b11399df1e5921d8efbc93e6ae2f70406c7	6721042e954ac2f26bc7a4b2418089a3adc9add448d22196a811fb4293bb7f56	21df8490112d014d6f5017216f127505	92fe86059160580b2a1687bd6316fe362c275ace59cc1e39dee7a9c11f369407
affine-equation-63	e	ca1cbaf26e22969efdeda1b030e166745dd25d0cf48ce8a6233c38d0970c67b4	52940255f21bef91c261eddc5994d85b68ebe0c81d271bb13e7899d203d4eed1	cfa165eae347436def80fa17e9b849ec	d4746771e08fe9f1732cf7041860df7abc05d3c411dacc74e00e2e85eb20d00a
noncanonical-y-0-0	d	edffffffffffffffffffffffffffffffffffffffffffffffffffffffffffff7f
noncanonical-y-0-1	d	edffffffffffffffffffffffffffffffffffffffffffffffffffffffffffffff
noncanonical-y-1-0	d	eeffffffffffffffffffffffffffffffffffffffffffffffffffffffffffff7f
noncanonical-y-1-1	d	eeffffffffffffffffffffffffffffffffffffffffffffffffffffffffffffff
noncanonical-y-2-0	d	efffffffffffffffffffffffffffffffffffffffffffffffffffffffffffff7f
noncanonical-y-2-1	d	efffffffffffffffffffffffffffffffffffffffffffffffffffffffffffffff
noncanonical-y-3-0	d	f0ffffffffffffffffffffffffffffffffffffffffffffffffffffffffffff7f
noncanonical-y-3-1	d	f0ffffffffffffffffffffffffffffffffffffffffffffffffffffffffffffff
noncanonical-y-4-0	d	f1ffffffffffffffffffffffffffffffffffffffffffffffffffffffffffff7f
noncanonical-y-4-1	d	f1ffffffffffffffffffffffffffffffffffffffffffffffffffffffffffffff
noncanonical-y-5-0	d	f2ffffffffffffffffffffffffffffffffffffffffffffffffffffffffffff7f
noncanonical-y-5-1	d	f2ffffffffffffffffffffffffffffffffffffffffffffffffffffffffffffff
noncanonical-y-6-0	d	f3ffffffffffffffffffffffffffffffffffffffffffffffffffffffffffff7f
noncanonical-y-6-1	d	f3ffffffffffffffffffffffffffffffffffffffffffffffffffffffffffffff
noncanonical-y-7-0	d	f4ffffffffffffffffffffffffffffffffffffffffffffffffffffffffffff7f
noncanonical-y-7-1	d	f4ffffffffffffffffffffffffffffffffffffffffffffffffffffffffffffff
noncanonical-y-8-0	d	f5ffffffffffffffffffffffffffffffffffffffffffffffffffffffffffff7f
noncanonical-y-8-1	d	f5ffffffffffffffffffffffffffffffffffffffffffffffffffffffffffffff
noncanonical-y-9-0	d	f6ffffffffffffffffffffffffffffffffffffffffffffffffffffffffffff7f
noncanonical-y-9-1	d	f6ffffffffffffffffffffffffffffffffffffffffffffffffffffffffffffff
noncanonical-y-10-0	d	f7ffffffffffffffffffffffffffffffffffffffffffffffffffffffffffff7f
noncanonical-y-10-1	d	f7ffffffffffffffffffffffffffffffffffffffffffffffffffffffffffffff
noncanonical-y-11-0	d	f8ffffffffffffffffffffffffffffffffffffffffffffffffffffffffffff7f
noncanonical-y-11-1	d	f8ffffffffffffffffffffffffffffffffffffffffffffffffffffffffffffff
noncanonical-y-12-0	d	f9ffffffffffffffffffffffffffffffffffffffffffffffffffffffffffff7f
noncanonical-y-12-1	d	f9ffffffffffffffffffffffffffffffffffffffffffffffffffffffffffffff
noncanonical-y-13-0	d	faffffffffffffffffffffffffffffffffffffffffffffffffffffffffffff7f
noncanonical-y-13-1	d	faffffffffffffffffffffffffffffffffffffffffffffffffffffffffffffff
noncanonical-y-14-0	d	fbffffffffffffffffffffffffffffffffffffffffffffffffffffffffffff7f
noncanonical-y-14-1	d	fbffffffffffffffffffffffffffffffffffffffffffffffffffffffffffffff
noncanonical-y-15-0	d	fcffffffffffffffffffffffffffffffffffffffffffffffffffffffffffff7f
noncanonical-y-15-1	d	fcffffffffffffffffffffffffffffffffffffffffffffffffffffffffffffff
noncanonical-y-16-0	d	fdffffffffffffffffffffffffffffffffffffffffffffffffffffffffffff7f
noncanonical-y-16-1	d	fdffffffffffffffffffffffffffffffffffffffffffffffffffffffffffffff
noncanonical-y-17-0	d	feffffffffffffffffffffffffffffffffffffffffffffffffffffffffffff7f
noncanonical-y-17-1	d	feffffffffffffffffffffffffffffffffffffffffffffffffffffffffffffff
noncanonical-y-18-0	d	ffffffffffffffffffffffffffffffffffffffffffffffffffffffffffffff7f
noncanonical-y-18-1	d	ffffffffffffffffffffffffffffffffffffffffffffffffffffffffffffffff
negative-zero-1	d	0100000000000000000000000000000000000000000000000000000000000080
negative-zero-57896044618658097711785492504343953926634992332820282019728792003956564819948	d	ecffffffffffffffffffffffffffffffffffffffffffffffffffffffffffffff
