affine-equation-0	b02475037c8cc97d83e52c86826c0c1a69ca2b22bc6dcc9ea4f85bd69790b714
affine-equation-1	e0fcdcbee5659c0a952dea6aa03c0eb000e733a1d3a3e47dd5a6f4d5bda53719
affine-equation-2	f225ab43a4b3ff6e02b1e8068d54db55df6add167f0029ba04f5e06bec983a9d
affine-equation-3	81ee354a69199902ed834a5bae2ce31a227e1ec08c5dec2d9e6b00629335e19c
affine-equation-4	69338312921afbe92053c32882a51c5488cf8e43fdc0844cdbe481caed79f5f8
affine-equation-5	b6275d86a13bb4cd175c367c3a083ffc9e1815ad4c38b8e0e6f7859f67b84f3e
affine-equation-6	ec2b41e664e2858c144956eed9beff08e7795e0561a09ba968944956d6dff9dc
affine-equation-7	134ac74c50da3c0dd32785cb37991be4b41c4f528013aea6d8e81be5a476de3a
affine-equation-8	3e9cfe0376fd6af312d76cd198c745b6167ffca628ef705e63d81dda24f98be7
affine-equation-9	9da536db997d033950bbffd7bc4914437faa6526d96c3a64f82f0cf01d39312d
affine-equation-10	35e92bb10d1376850c16b906bbf02ae79f50e080aab9f711c9964f870741d59b
affine-equation-11	3a9aded4c77f5afb22ae16f0c64474b5159600beae8e1b008b05487f4a986ce9
affine-equation-12	d87ff58bd5c824b7f8ec76ec8ab6bf5c59fcb87b3b8f9478bf1968e40bd6453a
affine-equation-13	ee4f74c24db0bf756f97dcd0c4c3015c688ebd478b835d1432595408ceed7426
affine-equation-14	4492455247d7245564f6ac016d5599ff20cee6121b7c3fcaaba9cfbc8fc294b0
affine-equation-15	a2e68edc74ba3758d22928bf1a8ab9ccaa874af4536c525aea9d90480ae9a359
affine-equation-16	16d58b8a9e4fad72d9624158c42ebb8d08b1328713eff507e589ddfd1890d6f5
affine-equation-17	a78e47926037887424d9af99510713367426529412976d72fd3a85126906b4bf
affine-equation-18	6c5d682f5d14c4e20eacad8aae2778145b62c38f6e641debe5e29ec9a1fa7071
affine-equation-19	0ba20b679fa97c938f9c2b34ee0c9f8ba4c63dfdec0c49af95a04a075027f1d9
affine-equation-20	0ca5e5537a8ae3fbabea698999609ae0594bbb59a0cddc703730173b1b9fc2ba
affine-equation-21	97fd0b8be0bdd8fa66431906508fff9c47db7b1de3f8313746b989f928a48e11
affine-equation-22	f8ab4c063c4b99a69270196405d181d1c81a7062338b03eef32d50b183d3a8fd
affine-equation-23	a33db1789d57f21798103e7859ef44d38816d588ce9168015b18e7e36cd20da2
affine-equation-24	9600fd75ed1b5ef0921665e45f8a5833cead7501103a32aa5bd2ae48273dd58e
affine-equation-25	42e82fe906ec4ba2cf9b46e87907f857f21873dcd498619589cee3fc3e043c01
affine-equation-26	266bda29a3f33995fe3389cdc4e1028c8d81145a31a934746542b0de4dcf6855
affine-equation-27	5829ef3af213b4bbfa4092d2436a5c05e5ae7b3f782581bd292fb066c3dd19fd
affine-equation-28	83037322b1a5680dcff0cfe3dd74b319a0bed096983eb977e38a4299346af1ff
affine-equation-29	7cc26cd9e0423ebe8abc498f85d65e99e50d4233cd4a5775614017c82edc7b74
affine-equation-30	cff5f14355d499d9a5ccb912fd6ca61550f8edb02a4128c2008290cc9306c96a
affine-equation-31	6e398e43b1b9953bcbc07a267738c83d56449015e8f73852decf598c4c9badec
affine-equation-32	3b909d3990a5f11decebdd4797686c284548fe64972e64280dea0493ac2ca310
affine-equation-33	d5122479a02eac73984cd5148d31f4871321fe77b07893fc69ae3f3f7067279e
affine-equation-34	cdfba06b06bcae77f2dadfb18d6853b3d84cb9d0804057fb9af98eaab23ed0d8
affine-equation-35	6b686c90d91a3d2a0b8c35077f800c1baf44784fa2bd1d578b07601191e87313
affine-equation-36	c316ff5c0a8e86e736fa092be3129755149c0644de88b6cc8fa415d7b1309c82
affine-equation-37	ecaac96ddccc7b9fcfb402dec47511c907681d133c6d07a6c5b5635574d7fc20
affine-equation-38	14ce9b532e14cdd9a33b72894bfacbfbc84ace0317e568f0fbc013e348ba228e
affine-equation-39	a2b116e1c9a435d942e5a1437ac93b6c63189f1879e6b2888127a898f58008a4
affine-equation-40	2fe14e2ef0aa3504b7bcb4727b55935cda22a55d1c8e231cc158e59d5f45a487
affine-equation-41	981ecfa6596b5091a8bfc795961bf38671b0c673a5549ebd2c7285597639531c
affine-equation-42	13abc6d13ecd175256b314c435eba0c49a19d01ddd7f2479cffee96abd069aad
affine-equation-43	abf40d0e5356e87111e32dc04e3a52173a281b007c42c7591fc0cabf3602c3cc
affine-equation-44	188e1de20fa13d8ad5685a10d31689be01fab914920e113c565a98908a1e7160
affine-equation-45	79d170d65a79f49403b60e65df84441b7b0de8e3c9100a1fe6167e606b3c6048
affine-equation-46	0f46e895765d607c88cb0fe3c65906b3b61b6f7a719a290f0c2722e3fa4abdb1
affine-equation-47	fbe124ef74d28b82cbe4abb04735fdc4f65005341b36ef3e604e17f96bfb97e8
affine-equation-48	4d273bf6c797874ea5784cabe7103128502f6bc75ae375d18bd1969f0e2b2f63
affine-equation-49	2c3f9b339f689b88f91544c159da55f9afc872946cc2c55ac88fdd3ae57f3995
affine-equation-50	cde7bf7e9f61eb380ed3abea49929d5e6acc83616916f980449c87435cc8ecfe
affine-equation-51	d7ee9daf371cb48562a8dee3fb92ca058655c19c7737ecbc56df5ff04b8113b5
affine-equation-52	9a41f98d4801eb2aaf0fa7b3bb007abf03e88382054752543050cac4cef2fd64
affine-equation-53	acb2a730d77a871c378d4ed0610065dc4004fe96a058ecbc98824c8eda47ff5f
affine-equation-54	3e31a5312d914b284ec990ba68cf7c9a918a4b1ed5b9f72a46c50ceeb6554bb1
affine-equation-55	1395d0af996d40e1b1157b66eefab4f6d645095564f5e6e3ebb6ddf8f2221e26
affine-equation-56	d378025d3b262b5baf3e8028b6a185c52b0ef9af3834d912abe1040fb64e6d70
affine-equation-57	258c35857c2207dbe131e8d2911539125bd314aacec34a203ff9cd8a2809ee7d
affine-equation-58	14f273610ae11201af899e17a1a3028080b8c8f81c6bce1cf913b933aba4dd92
affine-equation-59	25b62cda3802a06b46c5914ecc0fbcfd62a3d4ed9395f24b33a6e5ac61ed0ae9
affine-equation-60	71abf42b04c1d113a6c35e1d2122543cdcc7f965cafcc0af2888924fdbe4ce9d
affine-equation-61	93264e9ac467833bcbbc6f5cce3ef79c75a20c20d2774c160b8dd2082dc8c075
affine-equation-62	3f710f7d345c52985c29d68fe6ce4e7abe2acc880125db8b10a53ea2653b9f0a
affine-equation-63	bb72001696c26e70b265ffb7daa850a83c54d337bbb87c6a76c9daca186c8a47
noncanonical-y-0-0	INVALID
noncanonical-y-0-1	INVALID
noncanonical-y-1-0	INVALID
noncanonical-y-1-1	INVALID
noncanonical-y-2-0	INVALID
noncanonical-y-2-1	INVALID
noncanonical-y-3-0	INVALID
noncanonical-y-3-1	INVALID
noncanonical-y-4-0	INVALID
noncanonical-y-4-1	INVALID
noncanonical-y-5-0	INVALID
noncanonical-y-5-1	INVALID
noncanonical-y-6-0	INVALID
noncanonical-y-6-1	INVALID
noncanonical-y-7-0	INVALID
noncanonical-y-7-1	INVALID
noncanonical-y-8-0	INVALID
noncanonical-y-8-1	INVALID
noncanonical-y-9-0	INVALID
noncanonical-y-9-1	INVALID
noncanonical-y-10-0	INVALID
noncanonical-y-10-1	INVALID
noncanonical-y-11-0	INVALID
noncanonical-y-11-1	INVALID
noncanonical-y-12-0	INVALID
noncanonical-y-12-1	INVALID
noncanonical-y-13-0	INVALID
noncanonical-y-13-1	INVALID
noncanonical-y-14-0	INVALID
noncanonical-y-14-1	INVALID
noncanonical-y-15-0	INVALID
noncanonical-y-15-1	INVALID
noncanonical-y-16-0	INVALID
noncanonical-y-16-1	INVALID
noncanonical-y-17-0	INVALID
noncanonical-y-17-1	INVALID
noncanonical-y-18-0	INVALID
noncanonical-y-18-1	INVALID
negative-zero-1	SMALL:0100000000000000000000000000000000000000000000000000000000000000
negative-zero-57896044618658097711785492504343953926634992332820282019728792003956564819948	SMALL:ecffffffffffffffffffffffffffffffffffffffffffffffffffffffffffff7f
