v0	VALID:5b49b554d05c0cd5a5325376b3387de59d924fd1e13ded44648ab33c21349a603f25b84ec5ed887995b33da5e3bfcb87cd2f64521c4c62cf825cffabbe5d31cc
v0-upstream-bitflip-0	INVALID
v0-upstream-bitflip-32	INVALID
v0-upstream-bitflip-48	INVALID
v0-upstream-bitflip-79	INVALID
v0-bit-0-0	INVALID
v0-bit-0-1	INVALID
v0-bit-0-2	INVALID
v0-bit-0-3	INVALID
v0-bit-0-4	INVALID
v0-bit-0-5	INVALID
v0-bit-0-6	INVALID
v0-bit-0-7	INVALID
v0-bit-1-0	INVALID
v0-bit-1-1	INVALID
v0-bit-1-2	INVALID
v0-bit-1-3	INVALID
v0-bit-1-4	INVALID
v0-bit-1-5	INVALID
v0-bit-1-6	INVALID
v0-bit-1-7	INVALID
v0-bit-2-0	INVALID
v0-bit-2-1	INVALID
v0-bit-2-2	INVALID
v0-bit-2-3	INVALID
v0-bit-2-4	INVALID
v0-bit-2-5	INVALID
v0-bit-2-6	INVALID
v0-bit-2-7	INVALID
v0-bit-3-0	INVALID
v0-bit-3-1	INVALID
v0-bit-3-2	INVALID
v0-bit-3-3	INVALID
v0-bit-3-4	INVALID
v0-bit-3-5	INVALID
v0-bit-3-6	INVALID
v0-bit-3-7	INVALID
v0-bit-4-0	INVALID
v0-bit-4-1	INVALID
v0-bit-4-2	INVALID
v0-bit-4-3	INVALID
v0-bit-4-4	INVALID
v0-bit-4-5	INVALID
v0-bit-4-6	INVALID
v0-bit-4-7	INVALID
v0-bit-5-0	INVALID
v0-bit-5-1	INVALID
v0-bit-5-2	INVALID
v0-bit-5-3	INVALID
v0-bit-5-4	INVALID
v0-bit-5-5	INVALID
v0-bit-5-6	INVALID
v0-bit-5-7	INVALID
v0-bit-6-0	INVALID
v0-bit-6-1	INVALID
v0-bit-6-2	INVALID
v0-bit-6-3	INVALID
v0-bit-6-4	INVALID
v0-bit-6-5	INVALID
v0-bit-6-6	INVALID
v0-bit-6-7	INVALID
v0-bit-7-0	INVALID
v0-bit-7-1	INVALID
v0-bit-7-2	INVALID
v0-bit-7-3	INVALID
v0-bit-7-4	INVALID
v0-bit-7-5	INVALID
v0-bit-7-6	INVALID
v0-bit-7-7	INVALID
v0-bit-8-0	INVALID
v0-bit-8-1	INVALID
v0-bit-8-2	INVALID
v0-bit-8-3	INVALID
v0-bit-8-4	INVALID
v0-bit-8-5	INVALID
v0-bit-8-6	INVALID
v0-bit-8-7	INVALID
v0-bit-9-0	INVALID
v0-bit-9-1	INVALID
v0-bit-9-2	INVALID
v0-bit-9-3	INVALID
v0-bit-9-4	INVALID
v0-bit-9-5	INVALID
v0-bit-9-6	INVALID
v0-bit-9-7	INVALID
v0-bit-10-0	INVALID
v0-bit-10-1	INVALID
v0-bit-10-2	INVALID
v0-bit-10-3	INVALID
v0-bit-10-4	INVALID
v0-bit-10-5	INVALID
v0-bit-10-6	INVALID
v0-bit-10-7	INVALID
v0-bit-11-0	INVALID
v0-bit-11-1	INVALID
v0-bit-11-2	INVALID
v0-bit-11-3	INVALID
v0-bit-11-4	INVALID
v0-bit-11-5	INVALID
v0-bit-11-6	INVALID
v0-bit-11-7	INVALID
v0-bit-12-0	INVALID
v0-bit-12-1	INVALID
v0-bit-12-2	INVALID
v0-bit-12-3	INVALID
v0-bit-12-4	INVALID
v0-bit-12-5	INVALID
v0-bit-12-6	INVALID
v0-bit-12-7	INVALID
v0-bit-13-0	INVALID
v0-bit-13-1	INVALID
v0-bit-13-2	INVALID
v0-bit-13-3	INVALID
v0-bit-13-4	INVALID
v0-bit-13-5	INVALID
v0-bit-13-6	INVALID
v0-bit-13-7	INVALID
v0-bit-14-0	INVALID
v0-bit-14-1	INVALID
v0-bit-14-2	INVALID
v0-bit-14-3	INVALID
v0-bit-14-4	INVALID
v0-bit-14-5	INVALID
v0-bit-14-6	INVALID
v0-bit-14-7	INVALID
v0-bit-15-0	INVALID
v0-bit-15-1	INVALID
v0-bit-15-2	INVALID
v0-bit-15-3	INVALID
v0-bit-15-4	INVALID
v0-bit-15-5	INVALID
v0-bit-15-6	INVALID
v0-bit-15-7	INVALID
v0-bit-16-0	INVALID
v0-bit-16-1	INVALID
v0-bit-16-2	INVALID
v0-bit-16-3	INVALID
v0-bit-16-4	INVALID
v0-bit-16-5	INVALID
v0-bit-16-6	INVALID
v0-bit-16-7	INVALID
v0-bit-17-0	INVALID
v0-bit-17-1	INVALID
v0-bit-17-2	INVALID
v0-bit-17-3	INVALID
v0-bit-17-4	INVALID
v0-bit-17-5	INVALID
v0-bit-17-6	INVALID
v0-bit-17-7	INVALID
v0-bit-18-0	INVALID
v0-bit-18-1	INVALID
v0-bit-18-2	INVALID
v0-bit-18-3	INVALID
v0-bit-18-4	INVALID
v0-bit-18-5	INVALID
v0-bit-18-6	INVALID
v0-bit-18-7	INVALID
v0-bit-19-0	INVALID
v0-bit-19-1	INVALID
v0-bit-19-2	INVALID
v0-bit-19-3	INVALID
v0-bit-19-4	INVALID
v0-bit-19-5	INVALID
v0-bit-19-6	INVALID
v0-bit-19-7	INVALID
v0-bit-20-0	INVALID
v0-bit-20-1	INVALID
v0-bit-20-2	INVALID
v0-bit-20-3	INVALID
v0-bit-20-4	INVALID
v0-bit-20-5	INVALID
v0-bit-20-6	INVALID
v0-bit-20-7	INVALID
v0-bit-21-0	INVALID
v0-bit-21-1	INVALID
v0-bit-21-2	INVALID
v0-bit-21-3	INVALID
v0-bit-21-4	INVALID
v0-bit-21-5	INVALID
v0-bit-21-6	INVALID
v0-bit-21-7	INVALID
v0-bit-22-0	INVALID
v0-bit-22-1	INVALID
v0-bit-22-2	INVALID
v0-bit-22-3	INVALID
v0-bit-22-4	INVALID
v0-bit-22-5	INVALID
v0-bit-22-6	INVALID
v0-bit-22-7	INVALID
v0-bit-23-0	INVALID
v0-bit-23-1	INVALID
v0-bit-23-2	INVALID
v0-bit-23-3	INVALID
v0-bit-23-4	INVALID
v0-bit-23-5	INVALID
v0-bit-23-6	INVALID
v0-bit-23-7	INVALID
v0-bit-24-0	INVALID
v0-bit-24-1	INVALID
v0-bit-24-2	INVALID
v0-bit-24-3	INVALID
v0-bit-24-4	INVALID
v0-bit-24-5	INVALID
v0-bit-24-6	INVALID
v0-bit-24-7	INVALID
v0-bit-25-0	INVALID
v0-bit-25-1	INVALID
v0-bit-25-2	INVALID
v0-bit-25-3	INVALID
v0-bit-25-4	INVALID
v0-bit-25-5	INVALID
v0-bit-25-6	INVALID
v0-bit-25-7	INVALID
v0-bit-26-0	INVALID
v0-bit-26-1	INVALID
v0-bit-26-2	INVALID
v0-bit-26-3	INVALID
v0-bit-26-4	INVALID
v0-bit-26-5	INVALID
v0-bit-26-6	INVALID
v0-bit-26-7	INVALID
v0-bit-27-0	INVALID
v0-bit-27-1	INVALID
v0-bit-27-2	INVALID
v0-bit-27-3	INVALID
v0-bit-27-4	INVALID
v0-bit-27-5	INVALID
v0-bit-27-6	INVALID
v0-bit-27-7	INVALID
v0-bit-28-0	INVALID
v0-bit-28-1	INVALID
v0-bit-28-2	INVALID
v0-bit-28-3	INVALID
v0-bit-28-4	INVALID
v0-bit-28-5	INVALID
v0-bit-28-6	INVALID
v0-bit-28-7	INVALID
v0-bit-29-0	INVALID
v0-bit-29-1	INVALID
v0-bit-29-2	INVALID
v0-bit-29-3	INVALID
v0-bit-29-4	INVALID
v0-bit-29-5	INVALID
v0-bit-29-6	INVALID
v0-bit-29-7	INVALID
v0-bit-30-0	INVALID
v0-bit-30-1	INVALID
v0-bit-30-2	INVALID
v0-bit-30-3	INVALID
v0-bit-30-4	INVALID
v0-bit-30-5	INVALID
v0-bit-30-6	INVALID
v0-bit-30-7	INVALID
v0-bit-31-0	INVALID
v0-bit-31-1	INVALID
v0-bit-31-2	INVALID
v0-bit-31-3	INVALID
v0-bit-31-4	INVALID
v0-bit-31-5	INVALID
v0-bit-31-6	INVALID
v0-bit-31-7	INVALID
v0-bit-32-0	INVALID
v0-bit-32-1	INVALID
v0-bit-32-2	INVALID
v0-bit-32-3	INVALID
v0-bit-32-4	INVALID
v0-bit-32-5	INVALID
v0-bit-32-6	INVALID
v0-bit-32-7	INVALID
v0-bit-33-0	INVALID
v0-bit-33-1	INVALID
v0-bit-33-2	INVALID
v0-bit-33-3	INVALID
v0-bit-33-4	INVALID
v0-bit-33-5	INVALID
v0-bit-33-6	INVALID
v0-bit-33-7	INVALID
v0-bit-34-0	INVALID
v0-bit-34-1	INVALID
v0-bit-34-2	INVALID
v0-bit-34-3	INVALID
v0-bit-34-4	INVALID
v0-bit-34-5	INVALID
v0-bit-34-6	INVALID
v0-bit-34-7	INVALID
v0-bit-35-0	INVALID
v0-bit-35-1	INVALID
v0-bit-35-2	INVALID
v0-bit-35-3	INVALID
v0-bit-35-4	INVALID
v0-bit-35-5	INVALID
v0-bit-35-6	INVALID
v0-bit-35-7	INVALID
v0-bit-36-0	INVALID
v0-bit-36-1	INVALID
v0-bit-36-2	INVALID
v0-bit-36-3	INVALID
v0-bit-36-4	INVALID
v0-bit-36-5	INVALID
v0-bit-36-6	INVALID
v0-bit-36-7	INVALID
v0-bit-37-0	INVALID
v0-bit-37-1	INVALID
v0-bit-37-2	INVALID
v0-bit-37-3	INVALID
v0-bit-37-4	INVALID
v0-bit-37-5	INVALID
v0-bit-37-6	INVALID
v0-bit-37-7	INVALID
v0-bit-38-0	INVALID
v0-bit-38-1	INVALID
v0-bit-38-2	INVALID
v0-bit-38-3	INVALID
v0-bit-38-4	INVALID
v0-bit-38-5	INVALID
v0-bit-38-6	INVALID
v0-bit-38-7	INVALID
v0-bit-39-0	INVALID
v0-bit-39-1	INVALID
v0-bit-39-2	INVALID
v0-bit-39-3	INVALID
v0-bit-39-4	INVALID
v0-bit-39-5	INVALID
v0-bit-39-6	INVALID
v0-bit-39-7	INVALID
v0-bit-40-0	INVALID
v0-bit-40-1	INVALID
v0-bit-40-2	INVALID
v0-bit-40-3	INVALID
v0-bit-40-4	INVALID
v0-bit-40-5	INVALID
v0-bit-40-6	INVALID
v0-bit-40-7	INVALID
v0-bit-41-0	INVALID
v0-bit-41-1	INVALID
v0-bit-41-2	INVALID
v0-bit-41-3	INVALID
v0-bit-41-4	INVALID
v0-bit-41-5	INVALID
v0-bit-41-6	INVALID
v0-bit-41-7	INVALID
v0-bit-42-0	INVALID
v0-bit-42-1	INVALID
v0-bit-42-2	INVALID
v0-bit-42-3	INVALID
v0-bit-42-4	INVALID
v0-bit-42-5	INVALID
v0-bit-42-6	INVALID
v0-bit-42-7	INVALID
v0-bit-43-0	INVALID
v0-bit-43-1	INVALID
v0-bit-43-2	INVALID
v0-bit-43-3	INVALID
v0-bit-43-4	INVALID
v0-bit-43-5	INVALID
v0-bit-43-6	INVALID
v0-bit-43-7	INVALID
v0-bit-44-0	INVALID
v0-bit-44-1	INVALID
v0-bit-44-2	INVALID
v0-bit-44-3	INVALID
v0-bit-44-4	INVALID
v0-bit-44-5	INVALID
v0-bit-44-6	INVALID
v0-bit-44-7	INVALID
v0-bit-45-0	INVALID
v0-bit-45-1	INVALID
v0-bit-45-2	INVALID
v0-bit-45-3	INVALID
v0-bit-45-4	INVALID
v0-bit-45-5	INVALID
v0-bit-45-6	INVALID
v0-bit-45-7	INVALID
v0-bit-46-0	INVALID
v0-bit-46-1	INVALID
v0-bit-46-2	INVALID
v0-bit-46-3	INVALID
v0-bit-46-4	INVALID
v0-bit-46-5	INVALID
v0-bit-46-6	INVALID
v0-bit-46-7	INVALID
v0-bit-47-0	INVALID
v0-bit-47-1	INVALID
v0-bit-47-2	INVALID
v0-bit-47-3	INVALID
v0-bit-47-4	INVALID
v0-bit-47-5	INVALID
v0-bit-47-6	INVALID
v0-bit-47-7	INVALID
v0-bit-48-0	INVALID
v0-bit-48-1	INVALID
v0-bit-48-2	INVALID
v0-bit-48-3	INVALID
v0-bit-48-4	INVALID
v0-bit-48-5	INVALID
v0-bit-48-6	INVALID
v0-bit-48-7	INVALID
v0-bit-49-0	INVALID
v0-bit-49-1	INVALID
v0-bit-49-2	INVALID
v0-bit-49-3	INVALID
v0-bit-49-4	INVALID
v0-bit-49-5	INVALID
v0-bit-49-6	INVALID
v0-bit-49-7	INVALID
v0-bit-50-0	INVALID
v0-bit-50-1	INVALID
v0-bit-50-2	INVALID
v0-bit-50-3	INVALID
v0-bit-50-4	INVALID
v0-bit-50-5	INVALID
v0-bit-50-6	INVALID
v0-bit-50-7	INVALID
v0-bit-51-0	INVALID
v0-bit-51-1	INVALID
v0-bit-51-2	INVALID
v0-bit-51-3	INVALID
v0-bit-51-4	INVALID
v0-bit-51-5	INVALID
v0-bit-51-6	INVALID
v0-bit-51-7	INVALID
v0-bit-52-0	INVALID
v0-bit-52-1	INVALID
v0-bit-52-2	INVALID
v0-bit-52-3	INVALID
v0-bit-52-4	INVALID
v0-bit-52-5	INVALID
v0-bit-52-6	INVALID
v0-bit-52-7	INVALID
v0-bit-53-0	INVALID
v0-bit-53-1	INVALID
v0-bit-53-2	INVALID
v0-bit-53-3	INVALID
v0-bit-53-4	INVALID
v0-bit-53-5	INVALID
v0-bit-53-6	INVALID
v0-bit-53-7	INVALID
v0-bit-54-0	INVALID
v0-bit-54-1	INVALID
v0-bit-54-2	INVALID
v0-bit-54-3	INVALID
v0-bit-54-4	INVALID
v0-bit-54-5	INVALID
v0-bit-54-6	INVALID
v0-bit-54-7	INVALID
v0-bit-55-0	INVALID
v0-bit-55-1	INVALID
v0-bit-55-2	INVALID
v0-bit-55-3	INVALID
v0-bit-55-4	INVALID
v0-bit-55-5	INVALID
v0-bit-55-6	INVALID
v0-bit-55-7	INVALID
v0-bit-56-0	INVALID
v0-bit-56-1	INVALID
v0-bit-56-2	INVALID
v0-bit-56-3	INVALID
v0-bit-56-4	INVALID
v0-bit-56-5	INVALID
v0-bit-56-6	INVALID
v0-bit-56-7	INVALID
v0-bit-57-0	INVALID
v0-bit-57-1	INVALID
v0-bit-57-2	INVALID
v0-bit-57-3	INVALID
v0-bit-57-4	INVALID
v0-bit-57-5	INVALID
v0-bit-57-6	INVALID
v0-bit-57-7	INVALID
v0-bit-58-0	INVALID
v0-bit-58-1	INVALID
v0-bit-58-2	INVALID
v0-bit-58-3	INVALID
v0-bit-58-4	INVALID
v0-bit-58-5	INVALID
v0-bit-58-6	INVALID
v0-bit-58-7	INVALID
v0-bit-59-0	INVALID
v0-bit-59-1	INVALID
v0-bit-59-2	INVALID
v0-bit-59-3	INVALID
v0-bit-59-4	INVALID
v0-bit-59-5	INVALID
v0-bit-59-6	INVALID
v0-bit-59-7	INVALID
v0-bit-60-0	INVALID
v0-bit-60-1	INVALID
v0-bit-60-2	INVALID
v0-bit-60-3	INVALID
v0-bit-60-4	INVALID
v0-bit-60-5	INVALID
v0-bit-60-6	INVALID
v0-bit-60-7	INVALID
v0-bit-61-0	INVALID
v0-bit-61-1	INVALID
v0-bit-61-2	INVALID
v0-bit-61-3	INVALID
v0-bit-61-4	INVALID
v0-bit-61-5	INVALID
v0-bit-61-6	INVALID
v0-bit-61-7	INVALID
v0-bit-62-0	INVALID
v0-bit-62-1	INVALID
v0-bit-62-2	INVALID
v0-bit-62-3	INVALID
v0-bit-62-4	INVALID
v0-bit-62-5	INVALID
v0-bit-62-6	INVALID
v0-bit-62-7	INVALID
v0-bit-63-0	INVALID
v0-bit-63-1	INVALID
v0-bit-63-2	INVALID
v0-bit-63-3	INVALID
v0-bit-63-4	INVALID
v0-bit-63-5	INVALID
v0-bit-63-6	INVALID
v0-bit-63-7	INVALID
v0-bit-64-0	INVALID
v0-bit-64-1	INVALID
v0-bit-64-2	INVALID
v0-bit-64-3	INVALID
v0-bit-64-4	INVALID
v0-bit-64-5	INVALID
v0-bit-64-6	INVALID
v0-bit-64-7	INVALID
v0-bit-65-0	INVALID
v0-bit-65-1	INVALID
v0-bit-65-2	INVALID
v0-bit-65-3	INVALID
v0-bit-65-4	INVALID
v0-bit-65-5	INVALID
v0-bit-65-6	INVALID
v0-bit-65-7	INVALID
v0-bit-66-0	INVALID
v0-bit-66-1	INVALID
v0-bit-66-2	INVALID
v0-bit-66-3	INVALID
v0-bit-66-4	INVALID
v0-bit-66-5	INVALID
v0-bit-66-6	INVALID
v0-bit-66-7	INVALID
v0-bit-67-0	INVALID
v0-bit-67-1	INVALID
v0-bit-67-2	INVALID
v0-bit-67-3	INVALID
v0-bit-67-4	INVALID
v0-bit-67-5	INVALID
v0-bit-67-6	INVALID
v0-bit-67-7	INVALID
v0-bit-68-0	INVALID
v0-bit-68-1	INVALID
v0-bit-68-2	INVALID
v0-bit-68-3	INVALID
v0-bit-68-4	INVALID
v0-bit-68-5	INVALID
v0-bit-68-6	INVALID
v0-bit-68-7	INVALID
v0-bit-69-0	INVALID
v0-bit-69-1	INVALID
v0-bit-69-2	INVALID
v0-bit-69-3	INVALID
v0-bit-69-4	INVALID
v0-bit-69-5	INVALID
v0-bit-69-6	INVALID
v0-bit-69-7	INVALID
v0-bit-70-0	INVALID
v0-bit-70-1	INVALID
v0-bit-70-2	INVALID
v0-bit-70-3	INVALID
v0-bit-70-4	INVALID
v0-bit-70-5	INVALID
v0-bit-70-6	INVALID
v0-bit-70-7	INVALID
v0-bit-71-0	INVALID
v0-bit-71-1	INVALID
v0-bit-71-2	INVALID
v0-bit-71-3	INVALID
v0-bit-71-4	INVALID
v0-bit-71-5	INVALID
v0-bit-71-6	INVALID
v0-bit-71-7	INVALID
v0-bit-72-0	INVALID
v0-bit-72-1	INVALID
v0-bit-72-2	INVALID
v0-bit-72-3	INVALID
v0-bit-72-4	INVALID
v0-bit-72-5	INVALID
v0-bit-72-6	INVALID
v0-bit-72-7	INVALID
v0-bit-73-0	INVALID
v0-bit-73-1	INVALID
v0-bit-73-2	INVALID
v0-bit-73-3	INVALID
v0-bit-73-4	INVALID
v0-bit-73-5	INVALID
v0-bit-73-6	INVALID
v0-bit-73-7	INVALID
v0-bit-74-0	INVALID
v0-bit-74-1	INVALID
v0-bit-74-2	INVALID
v0-bit-74-3	INVALID
v0-bit-74-4	INVALID
v0-bit-74-5	INVALID
v0-bit-74-6	INVALID
v0-bit-74-7	INVALID
v0-bit-75-0	INVALID
v0-bit-75-1	INVALID
v0-bit-75-2	INVALID
v0-bit-75-3	INVALID
v0-bit-75-4	INVALID
v0-bit-75-5	INVALID
v0-bit-75-6	INVALID
v0-bit-75-7	INVALID
v0-bit-76-0	INVALID
v0-bit-76-1	INVALID
v0-bit-76-2	INVALID
v0-bit-76-3	INVALID
v0-bit-76-4	INVALID
v0-bit-76-5	INVALID
v0-bit-76-6	INVALID
v0-bit-76-7	INVALID
v0-bit-77-0	INVALID
v0-bit-77-1	INVALID
v0-bit-77-2	INVALID
v0-bit-77-3	INVALID
v0-bit-77-4	INVALID
v0-bit-77-5	INVALID
v0-bit-77-6	INVALID
v0-bit-77-7	INVALID
v0-bit-78-0	INVALID
v0-bit-78-1	INVALID
v0-bit-78-2	INVALID
v0-bit-78-3	INVALID
v0-bit-78-4	INVALID
v0-bit-78-5	INVALID
v0-bit-78-6	INVALID
v0-bit-78-7	INVALID
v0-bit-79-0	INVALID
v0-bit-79-1	INVALID
v0-bit-79-2	INVALID
v0-bit-79-3	INVALID
v0-bit-79-4	INVALID
v0-bit-79-5	INVALID
v0-bit-79-6	INVALID
v0-bit-79-7	INVALID
v0-s-plus-1L	INVALID
v0-s-plus-2L	INVALID
v0-s-plus-3L	INVALID
v0-s-plus-4L	INVALID
v0-s-plus-5L	INVALID
v0-s-plus-6L	INVALID
v0-s-plus-7L	INVALID
v0-s-plus-8L	INVALID
v0-s-plus-9L	INVALID
v0-s-plus-10L	INVALID
v0-s-plus-11L	INVALID
v0-s-plus-12L	INVALID
v0-s-plus-13L	INVALID
v0-s-plus-14L	INVALID
v0-s-plus-15L	INVALID
v0-pk-zero	INVALID
v0-gamma-zero	INVALID
v0-pk-identity	INVALID
v0-gamma-identity	INVALID
v0-pk-minus-one	INVALID
v0-gamma-minus-one	INVALID
v0-pk-p	INVALID
v0-gamma-p	INVALID
v0-pk-p-plus-one	INVALID
v0-gamma-p-plus-one	INVALID
v0-pk-negative-zero	INVALID
v0-gamma-negative-zero	INVALID
v0-wrong-message	INVALID
v0-pk-length-0	MALFORMED
v0-pk-length-31	MALFORMED
v0-pk-length-33	MALFORMED
v0-proof-length-0	MALFORMED
v0-proof-length-79	MALFORMED
v0-proof-length-81	MALFORMED
v0-pk-null	MALFORMED
v0-proof-null	MALFORMED
v0-alpha-null	MALFORMED
v1	VALID:94f4487e1b2fec954309ef1289ecb2e15043a2461ecc7b2ae7d4470607ef82eb1cfa97d84991fe4a7bfdfd715606bc27e2967a6c557cfb5875879b671740b7d8
v1-upstream-bitflip-0	INVALID
v1-upstream-bitflip-32	INVALID
v1-upstream-bitflip-48	INVALID
v1-upstream-bitflip-79	INVALID
v1-bit-0-0	INVALID
v1-bit-0-1	INVALID
v1-bit-0-2	INVALID
v1-bit-0-3	INVALID
v1-bit-0-4	INVALID
v1-bit-0-5	INVALID
v1-bit-0-6	INVALID
v1-bit-0-7	INVALID
v1-bit-1-0	INVALID
v1-bit-1-1	INVALID
v1-bit-1-2	INVALID
v1-bit-1-3	INVALID
v1-bit-1-4	INVALID
v1-bit-1-5	INVALID
v1-bit-1-6	INVALID
v1-bit-1-7	INVALID
v1-bit-2-0	INVALID
v1-bit-2-1	INVALID
v1-bit-2-2	INVALID
v1-bit-2-3	INVALID
v1-bit-2-4	INVALID
v1-bit-2-5	INVALID
v1-bit-2-6	INVALID
v1-bit-2-7	INVALID
v1-bit-3-0	INVALID
v1-bit-3-1	INVALID
v1-bit-3-2	INVALID
v1-bit-3-3	INVALID
v1-bit-3-4	INVALID
v1-bit-3-5	INVALID
v1-bit-3-6	INVALID
v1-bit-3-7	INVALID
v1-bit-4-0	INVALID
v1-bit-4-1	INVALID
v1-bit-4-2	INVALID
v1-bit-4-3	INVALID
v1-bit-4-4	INVALID
v1-bit-4-5	INVALID
v1-bit-4-6	INVALID
v1-bit-4-7	INVALID
v1-bit-5-0	INVALID
v1-bit-5-1	INVALID
v1-bit-5-2	INVALID
v1-bit-5-3	INVALID
v1-bit-5-4	INVALID
v1-bit-5-5	INVALID
v1-bit-5-6	INVALID
v1-bit-5-7	INVALID
v1-bit-6-0	INVALID
v1-bit-6-1	INVALID
v1-bit-6-2	INVALID
v1-bit-6-3	INVALID
v1-bit-6-4	INVALID
v1-bit-6-5	INVALID
v1-bit-6-6	INVALID
v1-bit-6-7	INVALID
v1-bit-7-0	INVALID
v1-bit-7-1	INVALID
v1-bit-7-2	INVALID
v1-bit-7-3	INVALID
v1-bit-7-4	INVALID
v1-bit-7-5	INVALID
v1-bit-7-6	INVALID
v1-bit-7-7	INVALID
v1-bit-8-0	INVALID
v1-bit-8-1	INVALID
v1-bit-8-2	INVALID
v1-bit-8-3	INVALID
v1-bit-8-4	INVALID
v1-bit-8-5	INVALID
v1-bit-8-6	INVALID
v1-bit-8-7	INVALID
v1-bit-9-0	INVALID
v1-bit-9-1	INVALID
v1-bit-9-2	INVALID
v1-bit-9-3	INVALID
v1-bit-9-4	INVALID
v1-bit-9-5	INVALID
v1-bit-9-6	INVALID
v1-bit-9-7	INVALID
v1-bit-10-0	INVALID
v1-bit-10-1	INVALID
v1-bit-10-2	INVALID
v1-bit-10-3	INVALID
v1-bit-10-4	INVALID
v1-bit-10-5	INVALID
v1-bit-10-6	INVALID
v1-bit-10-7	INVALID
v1-bit-11-0	INVALID
v1-bit-11-1	INVALID
v1-bit-11-2	INVALID
v1-bit-11-3	INVALID
v1-bit-11-4	INVALID
v1-bit-11-5	INVALID
v1-bit-11-6	INVALID
v1-bit-11-7	INVALID
v1-bit-12-0	INVALID
v1-bit-12-1	INVALID
v1-bit-12-2	INVALID
v1-bit-12-3	INVALID
v1-bit-12-4	INVALID
v1-bit-12-5	INVALID
v1-bit-12-6	INVALID
v1-bit-12-7	INVALID
v1-bit-13-0	INVALID
v1-bit-13-1	INVALID
v1-bit-13-2	INVALID
v1-bit-13-3	INVALID
v1-bit-13-4	INVALID
v1-bit-13-5	INVALID
v1-bit-13-6	INVALID
v1-bit-13-7	INVALID
v1-bit-14-0	INVALID
v1-bit-14-1	INVALID
v1-bit-14-2	INVALID
v1-bit-14-3	INVALID
v1-bit-14-4	INVALID
v1-bit-14-5	INVALID
v1-bit-14-6	INVALID
v1-bit-14-7	INVALID
v1-bit-15-0	INVALID
v1-bit-15-1	INVALID
v1-bit-15-2	INVALID
v1-bit-15-3	INVALID
v1-bit-15-4	INVALID
v1-bit-15-5	INVALID
v1-bit-15-6	INVALID
v1-bit-15-7	INVALID
v1-bit-16-0	INVALID
v1-bit-16-1	INVALID
v1-bit-16-2	INVALID
v1-bit-16-3	INVALID
v1-bit-16-4	INVALID
v1-bit-16-5	INVALID
v1-bit-16-6	INVALID
v1-bit-16-7	INVALID
v1-bit-17-0	INVALID
v1-bit-17-1	INVALID
v1-bit-17-2	INVALID
v1-bit-17-3	INVALID
v1-bit-17-4	INVALID
v1-bit-17-5	INVALID
v1-bit-17-6	INVALID
v1-bit-17-7	INVALID
v1-bit-18-0	INVALID
v1-bit-18-1	INVALID
v1-bit-18-2	INVALID
v1-bit-18-3	INVALID
v1-bit-18-4	INVALID
v1-bit-18-5	INVALID
v1-bit-18-6	INVALID
v1-bit-18-7	INVALID
v1-bit-19-0	INVALID
v1-bit-19-1	INVALID
v1-bit-19-2	INVALID
v1-bit-19-3	INVALID
v1-bit-19-4	INVALID
v1-bit-19-5	INVALID
v1-bit-19-6	INVALID
v1-bit-19-7	INVALID
v1-bit-20-0	INVALID
v1-bit-20-1	INVALID
v1-bit-20-2	INVALID
v1-bit-20-3	INVALID
v1-bit-20-4	INVALID
v1-bit-20-5	INVALID
v1-bit-20-6	INVALID
v1-bit-20-7	INVALID
v1-bit-21-0	INVALID
v1-bit-21-1	INVALID
v1-bit-21-2	INVALID
v1-bit-21-3	INVALID
v1-bit-21-4	INVALID
v1-bit-21-5	INVALID
v1-bit-21-6	INVALID
v1-bit-21-7	INVALID
v1-bit-22-0	INVALID
v1-bit-22-1	INVALID
v1-bit-22-2	INVALID
v1-bit-22-3	INVALID
v1-bit-22-4	INVALID
v1-bit-22-5	INVALID
v1-bit-22-6	INVALID
v1-bit-22-7	INVALID
v1-bit-23-0	INVALID
v1-bit-23-1	INVALID
v1-bit-23-2	INVALID
v1-bit-23-3	INVALID
v1-bit-23-4	INVALID
v1-bit-23-5	INVALID
v1-bit-23-6	INVALID
v1-bit-23-7	INVALID
v1-bit-24-0	INVALID
v1-bit-24-1	INVALID
v1-bit-24-2	INVALID
v1-bit-24-3	INVALID
v1-bit-24-4	INVALID
v1-bit-24-5	INVALID
v1-bit-24-6	INVALID
v1-bit-24-7	INVALID
v1-bit-25-0	INVALID
v1-bit-25-1	INVALID
v1-bit-25-2	INVALID
v1-bit-25-3	INVALID
v1-bit-25-4	INVALID
v1-bit-25-5	INVALID
v1-bit-25-6	INVALID
v1-bit-25-7	INVALID
v1-bit-26-0	INVALID
v1-bit-26-1	INVALID
v1-bit-26-2	INVALID
v1-bit-26-3	INVALID
v1-bit-26-4	INVALID
v1-bit-26-5	INVALID
v1-bit-26-6	INVALID
v1-bit-26-7	INVALID
v1-bit-27-0	INVALID
v1-bit-27-1	INVALID
v1-bit-27-2	INVALID
v1-bit-27-3	INVALID
v1-bit-27-4	INVALID
v1-bit-27-5	INVALID
v1-bit-27-6	INVALID
v1-bit-27-7	INVALID
v1-bit-28-0	INVALID
v1-bit-28-1	INVALID
v1-bit-28-2	INVALID
v1-bit-28-3	INVALID
v1-bit-28-4	INVALID
v1-bit-28-5	INVALID
v1-bit-28-6	INVALID
v1-bit-28-7	INVALID
v1-bit-29-0	INVALID
v1-bit-29-1	INVALID
v1-bit-29-2	INVALID
v1-bit-29-3	INVALID
v1-bit-29-4	INVALID
v1-bit-29-5	INVALID
v1-bit-29-6	INVALID
v1-bit-29-7	INVALID
v1-bit-30-0	INVALID
v1-bit-30-1	INVALID
v1-bit-30-2	INVALID
v1-bit-30-3	INVALID
v1-bit-30-4	INVALID
v1-bit-30-5	INVALID
v1-bit-30-6	INVALID
v1-bit-30-7	INVALID
v1-bit-31-0	INVALID
v1-bit-31-1	INVALID
v1-bit-31-2	INVALID
v1-bit-31-3	INVALID
v1-bit-31-4	INVALID
v1-bit-31-5	INVALID
v1-bit-31-6	INVALID
v1-bit-31-7	INVALID
v1-bit-32-0	INVALID
v1-bit-32-1	INVALID
v1-bit-32-2	INVALID
v1-bit-32-3	INVALID
v1-bit-32-4	INVALID
v1-bit-32-5	INVALID
v1-bit-32-6	INVALID
v1-bit-32-7	INVALID
v1-bit-33-0	INVALID
v1-bit-33-1	INVALID
v1-bit-33-2	INVALID
v1-bit-33-3	INVALID
v1-bit-33-4	INVALID
v1-bit-33-5	INVALID
v1-bit-33-6	INVALID
v1-bit-33-7	INVALID
v1-bit-34-0	INVALID
v1-bit-34-1	INVALID
v1-bit-34-2	INVALID
v1-bit-34-3	INVALID
v1-bit-34-4	INVALID
v1-bit-34-5	INVALID
v1-bit-34-6	INVALID
v1-bit-34-7	INVALID
v1-bit-35-0	INVALID
v1-bit-35-1	INVALID
v1-bit-35-2	INVALID
v1-bit-35-3	INVALID
v1-bit-35-4	INVALID
v1-bit-35-5	INVALID
v1-bit-35-6	INVALID
v1-bit-35-7	INVALID
v1-bit-36-0	INVALID
v1-bit-36-1	INVALID
v1-bit-36-2	INVALID
v1-bit-36-3	INVALID
v1-bit-36-4	INVALID
v1-bit-36-5	INVALID
v1-bit-36-6	INVALID
v1-bit-36-7	INVALID
v1-bit-37-0	INVALID
v1-bit-37-1	INVALID
v1-bit-37-2	INVALID
v1-bit-37-3	INVALID
v1-bit-37-4	INVALID
v1-bit-37-5	INVALID
v1-bit-37-6	INVALID
v1-bit-37-7	INVALID
v1-bit-38-0	INVALID
v1-bit-38-1	INVALID
v1-bit-38-2	INVALID
v1-bit-38-3	INVALID
v1-bit-38-4	INVALID
v1-bit-38-5	INVALID
v1-bit-38-6	INVALID
v1-bit-38-7	INVALID
v1-bit-39-0	INVALID
v1-bit-39-1	INVALID
v1-bit-39-2	INVALID
v1-bit-39-3	INVALID
v1-bit-39-4	INVALID
v1-bit-39-5	INVALID
v1-bit-39-6	INVALID
v1-bit-39-7	INVALID
v1-bit-40-0	INVALID
v1-bit-40-1	INVALID
v1-bit-40-2	INVALID
v1-bit-40-3	INVALID
v1-bit-40-4	INVALID
v1-bit-40-5	INVALID
v1-bit-40-6	INVALID
v1-bit-40-7	INVALID
v1-bit-41-0	INVALID
v1-bit-41-1	INVALID
v1-bit-41-2	INVALID
v1-bit-41-3	INVALID
v1-bit-41-4	INVALID
v1-bit-41-5	INVALID
v1-bit-41-6	INVALID
v1-bit-41-7	INVALID
v1-bit-42-0	INVALID
v1-bit-42-1	INVALID
v1-bit-42-2	INVALID
v1-bit-42-3	INVALID
v1-bit-42-4	INVALID
v1-bit-42-5	INVALID
v1-bit-42-6	INVALID
v1-bit-42-7	INVALID
v1-bit-43-0	INVALID
v1-bit-43-1	INVALID
v1-bit-43-2	INVALID
v1-bit-43-3	INVALID
v1-bit-43-4	INVALID
v1-bit-43-5	INVALID
v1-bit-43-6	INVALID
v1-bit-43-7	INVALID
v1-bit-44-0	INVALID
v1-bit-44-1	INVALID
v1-bit-44-2	INVALID
v1-bit-44-3	INVALID
v1-bit-44-4	INVALID
v1-bit-44-5	INVALID
v1-bit-44-6	INVALID
v1-bit-44-7	INVALID
v1-bit-45-0	INVALID
v1-bit-45-1	INVALID
v1-bit-45-2	INVALID
v1-bit-45-3	INVALID
v1-bit-45-4	INVALID
v1-bit-45-5	INVALID
v1-bit-45-6	INVALID
v1-bit-45-7	INVALID
v1-bit-46-0	INVALID
v1-bit-46-1	INVALID
v1-bit-46-2	INVALID
v1-bit-46-3	INVALID
v1-bit-46-4	INVALID
v1-bit-46-5	INVALID
v1-bit-46-6	INVALID
v1-bit-46-7	INVALID
v1-bit-47-0	INVALID
v1-bit-47-1	INVALID
v1-bit-47-2	INVALID
v1-bit-47-3	INVALID
v1-bit-47-4	INVALID
v1-bit-47-5	INVALID
v1-bit-47-6	INVALID
v1-bit-47-7	INVALID
v1-bit-48-0	INVALID
v1-bit-48-1	INVALID
v1-bit-48-2	INVALID
v1-bit-48-3	INVALID
v1-bit-48-4	INVALID
v1-bit-48-5	INVALID
v1-bit-48-6	INVALID
v1-bit-48-7	INVALID
v1-bit-49-0	INVALID
v1-bit-49-1	INVALID
v1-bit-49-2	INVALID
v1-bit-49-3	INVALID
v1-bit-49-4	INVALID
v1-bit-49-5	INVALID
v1-bit-49-6	INVALID
v1-bit-49-7	INVALID
v1-bit-50-0	INVALID
v1-bit-50-1	INVALID
v1-bit-50-2	INVALID
v1-bit-50-3	INVALID
v1-bit-50-4	INVALID
v1-bit-50-5	INVALID
v1-bit-50-6	INVALID
v1-bit-50-7	INVALID
v1-bit-51-0	INVALID
v1-bit-51-1	INVALID
v1-bit-51-2	INVALID
v1-bit-51-3	INVALID
v1-bit-51-4	INVALID
v1-bit-51-5	INVALID
v1-bit-51-6	INVALID
v1-bit-51-7	INVALID
v1-bit-52-0	INVALID
v1-bit-52-1	INVALID
v1-bit-52-2	INVALID
v1-bit-52-3	INVALID
v1-bit-52-4	INVALID
v1-bit-52-5	INVALID
v1-bit-52-6	INVALID
v1-bit-52-7	INVALID
v1-bit-53-0	INVALID
v1-bit-53-1	INVALID
v1-bit-53-2	INVALID
v1-bit-53-3	INVALID
v1-bit-53-4	INVALID
v1-bit-53-5	INVALID
v1-bit-53-6	INVALID
v1-bit-53-7	INVALID
v1-bit-54-0	INVALID
v1-bit-54-1	INVALID
v1-bit-54-2	INVALID
v1-bit-54-3	INVALID
v1-bit-54-4	INVALID
v1-bit-54-5	INVALID
v1-bit-54-6	INVALID
v1-bit-54-7	INVALID
v1-bit-55-0	INVALID
v1-bit-55-1	INVALID
v1-bit-55-2	INVALID
v1-bit-55-3	INVALID
v1-bit-55-4	INVALID
v1-bit-55-5	INVALID
v1-bit-55-6	INVALID
v1-bit-55-7	INVALID
v1-bit-56-0	INVALID
v1-bit-56-1	INVALID
v1-bit-56-2	INVALID
v1-bit-56-3	INVALID
v1-bit-56-4	INVALID
v1-bit-56-5	INVALID
v1-bit-56-6	INVALID
v1-bit-56-7	INVALID
v1-bit-57-0	INVALID
v1-bit-57-1	INVALID
v1-bit-57-2	INVALID
v1-bit-57-3	INVALID
v1-bit-57-4	INVALID
v1-bit-57-5	INVALID
v1-bit-57-6	INVALID
v1-bit-57-7	INVALID
v1-bit-58-0	INVALID
v1-bit-58-1	INVALID
v1-bit-58-2	INVALID
v1-bit-58-3	INVALID
v1-bit-58-4	INVALID
v1-bit-58-5	INVALID
v1-bit-58-6	INVALID
v1-bit-58-7	INVALID
v1-bit-59-0	INVALID
v1-bit-59-1	INVALID
v1-bit-59-2	INVALID
v1-bit-59-3	INVALID
v1-bit-59-4	INVALID
v1-bit-59-5	INVALID
v1-bit-59-6	INVALID
v1-bit-59-7	INVALID
v1-bit-60-0	INVALID
v1-bit-60-1	INVALID
v1-bit-60-2	INVALID
v1-bit-60-3	INVALID
v1-bit-60-4	INVALID
v1-bit-60-5	INVALID
v1-bit-60-6	INVALID
v1-bit-60-7	INVALID
v1-bit-61-0	INVALID
v1-bit-61-1	INVALID
v1-bit-61-2	INVALID
v1-bit-61-3	INVALID
v1-bit-61-4	INVALID
v1-bit-61-5	INVALID
v1-bit-61-6	INVALID
v1-bit-61-7	INVALID
v1-bit-62-0	INVALID
v1-bit-62-1	INVALID
v1-bit-62-2	INVALID
v1-bit-62-3	INVALID
v1-bit-62-4	INVALID
v1-bit-62-5	INVALID
v1-bit-62-6	INVALID
v1-bit-62-7	INVALID
v1-bit-63-0	INVALID
v1-bit-63-1	INVALID
v1-bit-63-2	INVALID
v1-bit-63-3	INVALID
v1-bit-63-4	INVALID
v1-bit-63-5	INVALID
v1-bit-63-6	INVALID
v1-bit-63-7	INVALID
v1-bit-64-0	INVALID
v1-bit-64-1	INVALID
v1-bit-64-2	INVALID
v1-bit-64-3	INVALID
v1-bit-64-4	INVALID
v1-bit-64-5	INVALID
v1-bit-64-6	INVALID
v1-bit-64-7	INVALID
v1-bit-65-0	INVALID
v1-bit-65-1	INVALID
v1-bit-65-2	INVALID
v1-bit-65-3	INVALID
v1-bit-65-4	INVALID
v1-bit-65-5	INVALID
v1-bit-65-6	INVALID
v1-bit-65-7	INVALID
v1-bit-66-0	INVALID
v1-bit-66-1	INVALID
v1-bit-66-2	INVALID
v1-bit-66-3	INVALID
v1-bit-66-4	INVALID
v1-bit-66-5	INVALID
v1-bit-66-6	INVALID
v1-bit-66-7	INVALID
v1-bit-67-0	INVALID
v1-bit-67-1	INVALID
v1-bit-67-2	INVALID
v1-bit-67-3	INVALID
v1-bit-67-4	INVALID
v1-bit-67-5	INVALID
v1-bit-67-6	INVALID
v1-bit-67-7	INVALID
v1-bit-68-0	INVALID
v1-bit-68-1	INVALID
v1-bit-68-2	INVALID
v1-bit-68-3	INVALID
v1-bit-68-4	INVALID
v1-bit-68-5	INVALID
v1-bit-68-6	INVALID
v1-bit-68-7	INVALID
v1-bit-69-0	INVALID
v1-bit-69-1	INVALID
v1-bit-69-2	INVALID
v1-bit-69-3	INVALID
v1-bit-69-4	INVALID
v1-bit-69-5	INVALID
v1-bit-69-6	INVALID
v1-bit-69-7	INVALID
v1-bit-70-0	INVALID
v1-bit-70-1	INVALID
v1-bit-70-2	INVALID
v1-bit-70-3	INVALID
v1-bit-70-4	INVALID
v1-bit-70-5	INVALID
v1-bit-70-6	INVALID
v1-bit-70-7	INVALID
v1-bit-71-0	INVALID
v1-bit-71-1	INVALID
v1-bit-71-2	INVALID
v1-bit-71-3	INVALID
v1-bit-71-4	INVALID
v1-bit-71-5	INVALID
v1-bit-71-6	INVALID
v1-bit-71-7	INVALID
v1-bit-72-0	INVALID
v1-bit-72-1	INVALID
v1-bit-72-2	INVALID
v1-bit-72-3	INVALID
v1-bit-72-4	INVALID
v1-bit-72-5	INVALID
v1-bit-72-6	INVALID
v1-bit-72-7	INVALID
v1-bit-73-0	INVALID
v1-bit-73-1	INVALID
v1-bit-73-2	INVALID
v1-bit-73-3	INVALID
v1-bit-73-4	INVALID
v1-bit-73-5	INVALID
v1-bit-73-6	INVALID
v1-bit-73-7	INVALID
v1-bit-74-0	INVALID
v1-bit-74-1	INVALID
v1-bit-74-2	INVALID
v1-bit-74-3	INVALID
v1-bit-74-4	INVALID
v1-bit-74-5	INVALID
v1-bit-74-6	INVALID
v1-bit-74-7	INVALID
v1-bit-75-0	INVALID
v1-bit-75-1	INVALID
v1-bit-75-2	INVALID
v1-bit-75-3	INVALID
v1-bit-75-4	INVALID
v1-bit-75-5	INVALID
v1-bit-75-6	INVALID
v1-bit-75-7	INVALID
v1-bit-76-0	INVALID
v1-bit-76-1	INVALID
v1-bit-76-2	INVALID
v1-bit-76-3	INVALID
v1-bit-76-4	INVALID
v1-bit-76-5	INVALID
v1-bit-76-6	INVALID
v1-bit-76-7	INVALID
v1-bit-77-0	INVALID
v1-bit-77-1	INVALID
v1-bit-77-2	INVALID
v1-bit-77-3	INVALID
v1-bit-77-4	INVALID
v1-bit-77-5	INVALID
v1-bit-77-6	INVALID
v1-bit-77-7	INVALID
v1-bit-78-0	INVALID
v1-bit-78-1	INVALID
v1-bit-78-2	INVALID
v1-bit-78-3	INVALID
v1-bit-78-4	INVALID
v1-bit-78-5	INVALID
v1-bit-78-6	INVALID
v1-bit-78-7	INVALID
v1-bit-79-0	INVALID
v1-bit-79-1	INVALID
v1-bit-79-2	INVALID
v1-bit-79-3	INVALID
v1-bit-79-4	INVALID
v1-bit-79-5	INVALID
v1-bit-79-6	INVALID
v1-bit-79-7	INVALID
v1-s-plus-1L	INVALID
v1-s-plus-2L	INVALID
v1-s-plus-3L	INVALID
v1-s-plus-4L	INVALID
v1-s-plus-5L	INVALID
v1-s-plus-6L	INVALID
v1-s-plus-7L	INVALID
v1-s-plus-8L	INVALID
v1-s-plus-9L	INVALID
v1-s-plus-10L	INVALID
v1-s-plus-11L	INVALID
v1-s-plus-12L	INVALID
v1-s-plus-13L	INVALID
v1-s-plus-14L	INVALID
v1-s-plus-15L	INVALID
v1-pk-zero	INVALID
v1-gamma-zero	INVALID
v1-pk-identity	INVALID
v1-gamma-identity	INVALID
v1-pk-minus-one	INVALID
v1-gamma-minus-one	INVALID
v1-pk-p	INVALID
v1-gamma-p	INVALID
v1-pk-p-plus-one	INVALID
v1-gamma-p-plus-one	INVALID
v1-pk-negative-zero	INVALID
v1-gamma-negative-zero	INVALID
v1-wrong-message	INVALID
v1-truncated-message	INVALID
v1-pk-length-0	MALFORMED
v1-pk-length-31	MALFORMED
v1-pk-length-33	MALFORMED
v1-proof-length-0	MALFORMED
v1-proof-length-79	MALFORMED
v1-proof-length-81	MALFORMED
v1-pk-null	MALFORMED
v1-proof-null	MALFORMED
v1-alpha-null	MALFORMED
v2	VALID:2031837f582cd17a9af9e0c7ef5a6540e3453ed894b62c293686ca3c1e319dde9d0aa489a4b59a9594fc2328bc3deff3c8a0929a369a72b1180a596e016b5ded
v2-upstream-bitflip-0	INVALID
v2-upstream-bitflip-32	INVALID
v2-upstream-bitflip-48	INVALID
v2-upstream-bitflip-79	INVALID
v2-bit-0-0	INVALID
v2-bit-0-1	INVALID
v2-bit-0-2	INVALID
v2-bit-0-3	INVALID
v2-bit-0-4	INVALID
v2-bit-0-5	INVALID
v2-bit-0-6	INVALID
v2-bit-0-7	INVALID
v2-bit-1-0	INVALID
v2-bit-1-1	INVALID
v2-bit-1-2	INVALID
v2-bit-1-3	INVALID
v2-bit-1-4	INVALID
v2-bit-1-5	INVALID
v2-bit-1-6	INVALID
v2-bit-1-7	INVALID
v2-bit-2-0	INVALID
v2-bit-2-1	INVALID
v2-bit-2-2	INVALID
v2-bit-2-3	INVALID
v2-bit-2-4	INVALID
v2-bit-2-5	INVALID
v2-bit-2-6	INVALID
v2-bit-2-7	INVALID
v2-bit-3-0	INVALID
v2-bit-3-1	INVALID
v2-bit-3-2	INVALID
v2-bit-3-3	INVALID
v2-bit-3-4	INVALID
v2-bit-3-5	INVALID
v2-bit-3-6	INVALID
v2-bit-3-7	INVALID
v2-bit-4-0	INVALID
v2-bit-4-1	INVALID
v2-bit-4-2	INVALID
v2-bit-4-3	INVALID
v2-bit-4-4	INVALID
v2-bit-4-5	INVALID
v2-bit-4-6	INVALID
v2-bit-4-7	INVALID
v2-bit-5-0	INVALID
v2-bit-5-1	INVALID
v2-bit-5-2	INVALID
v2-bit-5-3	INVALID
v2-bit-5-4	INVALID
v2-bit-5-5	INVALID
v2-bit-5-6	INVALID
v2-bit-5-7	INVALID
v2-bit-6-0	INVALID
v2-bit-6-1	INVALID
v2-bit-6-2	INVALID
v2-bit-6-3	INVALID
v2-bit-6-4	INVALID
v2-bit-6-5	INVALID
v2-bit-6-6	INVALID
v2-bit-6-7	INVALID
v2-bit-7-0	INVALID
v2-bit-7-1	INVALID
v2-bit-7-2	INVALID
v2-bit-7-3	INVALID
v2-bit-7-4	INVALID
v2-bit-7-5	INVALID
v2-bit-7-6	INVALID
v2-bit-7-7	INVALID
v2-bit-8-0	INVALID
v2-bit-8-1	INVALID
v2-bit-8-2	INVALID
v2-bit-8-3	INVALID
v2-bit-8-4	INVALID
v2-bit-8-5	INVALID
v2-bit-8-6	INVALID
v2-bit-8-7	INVALID
v2-bit-9-0	INVALID
v2-bit-9-1	INVALID
v2-bit-9-2	INVALID
v2-bit-9-3	INVALID
v2-bit-9-4	INVALID
v2-bit-9-5	INVALID
v2-bit-9-6	INVALID
v2-bit-9-7	INVALID
v2-bit-10-0	INVALID
v2-bit-10-1	INVALID
v2-bit-10-2	INVALID
v2-bit-10-3	INVALID
v2-bit-10-4	INVALID
v2-bit-10-5	INVALID
v2-bit-10-6	INVALID
v2-bit-10-7	INVALID
v2-bit-11-0	INVALID
v2-bit-11-1	INVALID
v2-bit-11-2	INVALID
v2-bit-11-3	INVALID
v2-bit-11-4	INVALID
v2-bit-11-5	INVALID
v2-bit-11-6	INVALID
v2-bit-11-7	INVALID
v2-bit-12-0	INVALID
v2-bit-12-1	INVALID
v2-bit-12-2	INVALID
v2-bit-12-3	INVALID
v2-bit-12-4	INVALID
v2-bit-12-5	INVALID
v2-bit-12-6	INVALID
v2-bit-12-7	INVALID
v2-bit-13-0	INVALID
v2-bit-13-1	INVALID
v2-bit-13-2	INVALID
v2-bit-13-3	INVALID
v2-bit-13-4	INVALID
v2-bit-13-5	INVALID
v2-bit-13-6	INVALID
v2-bit-13-7	INVALID
v2-bit-14-0	INVALID
v2-bit-14-1	INVALID
v2-bit-14-2	INVALID
v2-bit-14-3	INVALID
v2-bit-14-4	INVALID
v2-bit-14-5	INVALID
v2-bit-14-6	INVALID
v2-bit-14-7	INVALID
v2-bit-15-0	INVALID
v2-bit-15-1	INVALID
v2-bit-15-2	INVALID
v2-bit-15-3	INVALID
v2-bit-15-4	INVALID
v2-bit-15-5	INVALID
v2-bit-15-6	INVALID
v2-bit-15-7	INVALID
v2-bit-16-0	INVALID
v2-bit-16-1	INVALID
v2-bit-16-2	INVALID
v2-bit-16-3	INVALID
v2-bit-16-4	INVALID
v2-bit-16-5	INVALID
v2-bit-16-6	INVALID
v2-bit-16-7	INVALID
v2-bit-17-0	INVALID
v2-bit-17-1	INVALID
v2-bit-17-2	INVALID
v2-bit-17-3	INVALID
v2-bit-17-4	INVALID
v2-bit-17-5	INVALID
v2-bit-17-6	INVALID
v2-bit-17-7	INVALID
v2-bit-18-0	INVALID
v2-bit-18-1	INVALID
v2-bit-18-2	INVALID
v2-bit-18-3	INVALID
v2-bit-18-4	INVALID
v2-bit-18-5	INVALID
v2-bit-18-6	INVALID
v2-bit-18-7	INVALID
v2-bit-19-0	INVALID
v2-bit-19-1	INVALID
v2-bit-19-2	INVALID
v2-bit-19-3	INVALID
v2-bit-19-4	INVALID
v2-bit-19-5	INVALID
v2-bit-19-6	INVALID
v2-bit-19-7	INVALID
v2-bit-20-0	INVALID
v2-bit-20-1	INVALID
v2-bit-20-2	INVALID
v2-bit-20-3	INVALID
v2-bit-20-4	INVALID
v2-bit-20-5	INVALID
v2-bit-20-6	INVALID
v2-bit-20-7	INVALID
v2-bit-21-0	INVALID
v2-bit-21-1	INVALID
v2-bit-21-2	INVALID
v2-bit-21-3	INVALID
v2-bit-21-4	INVALID
v2-bit-21-5	INVALID
v2-bit-21-6	INVALID
v2-bit-21-7	INVALID
v2-bit-22-0	INVALID
v2-bit-22-1	INVALID
v2-bit-22-2	INVALID
v2-bit-22-3	INVALID
v2-bit-22-4	INVALID
v2-bit-22-5	INVALID
v2-bit-22-6	INVALID
v2-bit-22-7	INVALID
v2-bit-23-0	INVALID
v2-bit-23-1	INVALID
v2-bit-23-2	INVALID
v2-bit-23-3	INVALID
v2-bit-23-4	INVALID
v2-bit-23-5	INVALID
v2-bit-23-6	INVALID
v2-bit-23-7	INVALID
v2-bit-24-0	INVALID
v2-bit-24-1	INVALID
v2-bit-24-2	INVALID
v2-bit-24-3	INVALID
v2-bit-24-4	INVALID
v2-bit-24-5	INVALID
v2-bit-24-6	INVALID
v2-bit-24-7	INVALID
v2-bit-25-0	INVALID
v2-bit-25-1	INVALID
v2-bit-25-2	INVALID
v2-bit-25-3	INVALID
v2-bit-25-4	INVALID
v2-bit-25-5	INVALID
v2-bit-25-6	INVALID
v2-bit-25-7	INVALID
v2-bit-26-0	INVALID
v2-bit-26-1	INVALID
v2-bit-26-2	INVALID
v2-bit-26-3	INVALID
v2-bit-26-4	INVALID
v2-bit-26-5	INVALID
v2-bit-26-6	INVALID
v2-bit-26-7	INVALID
v2-bit-27-0	INVALID
v2-bit-27-1	INVALID
v2-bit-27-2	INVALID
v2-bit-27-3	INVALID
v2-bit-27-4	INVALID
v2-bit-27-5	INVALID
v2-bit-27-6	INVALID
v2-bit-27-7	INVALID
v2-bit-28-0	INVALID
v2-bit-28-1	INVALID
v2-bit-28-2	INVALID
v2-bit-28-3	INVALID
v2-bit-28-4	INVALID
v2-bit-28-5	INVALID
v2-bit-28-6	INVALID
v2-bit-28-7	INVALID
v2-bit-29-0	INVALID
v2-bit-29-1	INVALID
v2-bit-29-2	INVALID
v2-bit-29-3	INVALID
v2-bit-29-4	INVALID
v2-bit-29-5	INVALID
v2-bit-29-6	INVALID
v2-bit-29-7	INVALID
v2-bit-30-0	INVALID
v2-bit-30-1	INVALID
v2-bit-30-2	INVALID
v2-bit-30-3	INVALID
v2-bit-30-4	INVALID
v2-bit-30-5	INVALID
v2-bit-30-6	INVALID
v2-bit-30-7	INVALID
v2-bit-31-0	INVALID
v2-bit-31-1	INVALID
v2-bit-31-2	INVALID
v2-bit-31-3	INVALID
v2-bit-31-4	INVALID
v2-bit-31-5	INVALID
v2-bit-31-6	INVALID
v2-bit-31-7	INVALID
v2-bit-32-0	INVALID
v2-bit-32-1	INVALID
v2-bit-32-2	INVALID
v2-bit-32-3	INVALID
v2-bit-32-4	INVALID
v2-bit-32-5	INVALID
v2-bit-32-6	INVALID
v2-bit-32-7	INVALID
v2-bit-33-0	INVALID
v2-bit-33-1	INVALID
v2-bit-33-2	INVALID
v2-bit-33-3	INVALID
v2-bit-33-4	INVALID
v2-bit-33-5	INVALID
v2-bit-33-6	INVALID
v2-bit-33-7	INVALID
v2-bit-34-0	INVALID
v2-bit-34-1	INVALID
v2-bit-34-2	INVALID
v2-bit-34-3	INVALID
v2-bit-34-4	INVALID
v2-bit-34-5	INVALID
v2-bit-34-6	INVALID
v2-bit-34-7	INVALID
v2-bit-35-0	INVALID
v2-bit-35-1	INVALID
v2-bit-35-2	INVALID
v2-bit-35-3	INVALID
v2-bit-35-4	INVALID
v2-bit-35-5	INVALID
v2-bit-35-6	INVALID
v2-bit-35-7	INVALID
v2-bit-36-0	INVALID
v2-bit-36-1	INVALID
v2-bit-36-2	INVALID
v2-bit-36-3	INVALID
v2-bit-36-4	INVALID
v2-bit-36-5	INVALID
v2-bit-36-6	INVALID
v2-bit-36-7	INVALID
v2-bit-37-0	INVALID
v2-bit-37-1	INVALID
v2-bit-37-2	INVALID
v2-bit-37-3	INVALID
v2-bit-37-4	INVALID
v2-bit-37-5	INVALID
v2-bit-37-6	INVALID
v2-bit-37-7	INVALID
v2-bit-38-0	INVALID
v2-bit-38-1	INVALID
v2-bit-38-2	INVALID
v2-bit-38-3	INVALID
v2-bit-38-4	INVALID
v2-bit-38-5	INVALID
v2-bit-38-6	INVALID
v2-bit-38-7	INVALID
v2-bit-39-0	INVALID
v2-bit-39-1	INVALID
v2-bit-39-2	INVALID
v2-bit-39-3	INVALID
v2-bit-39-4	INVALID
v2-bit-39-5	INVALID
v2-bit-39-6	INVALID
v2-bit-39-7	INVALID
v2-bit-40-0	INVALID
v2-bit-40-1	INVALID
v2-bit-40-2	INVALID
v2-bit-40-3	INVALID
v2-bit-40-4	INVALID
v2-bit-40-5	INVALID
v2-bit-40-6	INVALID
v2-bit-40-7	INVALID
v2-bit-41-0	INVALID
v2-bit-41-1	INVALID
v2-bit-41-2	INVALID
v2-bit-41-3	INVALID
v2-bit-41-4	INVALID
v2-bit-41-5	INVALID
v2-bit-41-6	INVALID
v2-bit-41-7	INVALID
v2-bit-42-0	INVALID
v2-bit-42-1	INVALID
v2-bit-42-2	INVALID
v2-bit-42-3	INVALID
v2-bit-42-4	INVALID
v2-bit-42-5	INVALID
v2-bit-42-6	INVALID
v2-bit-42-7	INVALID
v2-bit-43-0	INVALID
v2-bit-43-1	INVALID
v2-bit-43-2	INVALID
v2-bit-43-3	INVALID
v2-bit-43-4	INVALID
v2-bit-43-5	INVALID
v2-bit-43-6	INVALID
v2-bit-43-7	INVALID
v2-bit-44-0	INVALID
v2-bit-44-1	INVALID
v2-bit-44-2	INVALID
v2-bit-44-3	INVALID
v2-bit-44-4	INVALID
v2-bit-44-5	INVALID
v2-bit-44-6	INVALID
v2-bit-44-7	INVALID
v2-bit-45-0	INVALID
v2-bit-45-1	INVALID
v2-bit-45-2	INVALID
v2-bit-45-3	INVALID
v2-bit-45-4	INVALID
v2-bit-45-5	INVALID
v2-bit-45-6	INVALID
v2-bit-45-7	INVALID
v2-bit-46-0	INVALID
v2-bit-46-1	INVALID
v2-bit-46-2	INVALID
v2-bit-46-3	INVALID
v2-bit-46-4	INVALID
v2-bit-46-5	INVALID
v2-bit-46-6	INVALID
v2-bit-46-7	INVALID
v2-bit-47-0	INVALID
v2-bit-47-1	INVALID
v2-bit-47-2	INVALID
v2-bit-47-3	INVALID
v2-bit-47-4	INVALID
v2-bit-47-5	INVALID
v2-bit-47-6	INVALID
v2-bit-47-7	INVALID
v2-bit-48-0	INVALID
v2-bit-48-1	INVALID
v2-bit-48-2	INVALID
v2-bit-48-3	INVALID
v2-bit-48-4	INVALID
v2-bit-48-5	INVALID
v2-bit-48-6	INVALID
v2-bit-48-7	INVALID
v2-bit-49-0	INVALID
v2-bit-49-1	INVALID
v2-bit-49-2	INVALID
v2-bit-49-3	INVALID
v2-bit-49-4	INVALID
v2-bit-49-5	INVALID
v2-bit-49-6	INVALID
v2-bit-49-7	INVALID
v2-bit-50-0	INVALID
v2-bit-50-1	INVALID
v2-bit-50-2	INVALID
v2-bit-50-3	INVALID
v2-bit-50-4	INVALID
v2-bit-50-5	INVALID
v2-bit-50-6	INVALID
v2-bit-50-7	INVALID
v2-bit-51-0	INVALID
v2-bit-51-1	INVALID
v2-bit-51-2	INVALID
v2-bit-51-3	INVALID
v2-bit-51-4	INVALID
v2-bit-51-5	INVALID
v2-bit-51-6	INVALID
v2-bit-51-7	INVALID
v2-bit-52-0	INVALID
v2-bit-52-1	INVALID
v2-bit-52-2	INVALID
v2-bit-52-3	INVALID
v2-bit-52-4	INVALID
v2-bit-52-5	INVALID
v2-bit-52-6	INVALID
v2-bit-52-7	INVALID
v2-bit-53-0	INVALID
v2-bit-53-1	INVALID
v2-bit-53-2	INVALID
v2-bit-53-3	INVALID
v2-bit-53-4	INVALID
v2-bit-53-5	INVALID
v2-bit-53-6	INVALID
v2-bit-53-7	INVALID
v2-bit-54-0	INVALID
v2-bit-54-1	INVALID
v2-bit-54-2	INVALID
v2-bit-54-3	INVALID
v2-bit-54-4	INVALID
v2-bit-54-5	INVALID
v2-bit-54-6	INVALID
v2-bit-54-7	INVALID
v2-bit-55-0	INVALID
v2-bit-55-1	INVALID
v2-bit-55-2	INVALID
v2-bit-55-3	INVALID
v2-bit-55-4	INVALID
v2-bit-55-5	INVALID
v2-bit-55-6	INVALID
v2-bit-55-7	INVALID
v2-bit-56-0	INVALID
v2-bit-56-1	INVALID
v2-bit-56-2	INVALID
v2-bit-56-3	INVALID
v2-bit-56-4	INVALID
v2-bit-56-5	INVALID
v2-bit-56-6	INVALID
v2-bit-56-7	INVALID
v2-bit-57-0	INVALID
v2-bit-57-1	INVALID
v2-bit-57-2	INVALID
v2-bit-57-3	INVALID
v2-bit-57-4	INVALID
v2-bit-57-5	INVALID
v2-bit-57-6	INVALID
v2-bit-57-7	INVALID
v2-bit-58-0	INVALID
v2-bit-58-1	INVALID
v2-bit-58-2	INVALID
v2-bit-58-3	INVALID
v2-bit-58-4	INVALID
v2-bit-58-5	INVALID
v2-bit-58-6	INVALID
v2-bit-58-7	INVALID
v2-bit-59-0	INVALID
v2-bit-59-1	INVALID
v2-bit-59-2	INVALID
v2-bit-59-3	INVALID
v2-bit-59-4	INVALID
v2-bit-59-5	INVALID
v2-bit-59-6	INVALID
v2-bit-59-7	INVALID
v2-bit-60-0	INVALID
v2-bit-60-1	INVALID
v2-bit-60-2	INVALID
v2-bit-60-3	INVALID
v2-bit-60-4	INVALID
v2-bit-60-5	INVALID
v2-bit-60-6	INVALID
v2-bit-60-7	INVALID
v2-bit-61-0	INVALID
v2-bit-61-1	INVALID
v2-bit-61-2	INVALID
v2-bit-61-3	INVALID
v2-bit-61-4	INVALID
v2-bit-61-5	INVALID
v2-bit-61-6	INVALID
v2-bit-61-7	INVALID
v2-bit-62-0	INVALID
v2-bit-62-1	INVALID
v2-bit-62-2	INVALID
v2-bit-62-3	INVALID
v2-bit-62-4	INVALID
v2-bit-62-5	INVALID
v2-bit-62-6	INVALID
v2-bit-62-7	INVALID
v2-bit-63-0	INVALID
v2-bit-63-1	INVALID
v2-bit-63-2	INVALID
v2-bit-63-3	INVALID
v2-bit-63-4	INVALID
v2-bit-63-5	INVALID
v2-bit-63-6	INVALID
v2-bit-63-7	INVALID
v2-bit-64-0	INVALID
v2-bit-64-1	INVALID
v2-bit-64-2	INVALID
v2-bit-64-3	INVALID
v2-bit-64-4	INVALID
v2-bit-64-5	INVALID
v2-bit-64-6	INVALID
v2-bit-64-7	INVALID
v2-bit-65-0	INVALID
v2-bit-65-1	INVALID
v2-bit-65-2	INVALID
v2-bit-65-3	INVALID
v2-bit-65-4	INVALID
v2-bit-65-5	INVALID
v2-bit-65-6	INVALID
v2-bit-65-7	INVALID
v2-bit-66-0	INVALID
v2-bit-66-1	INVALID
v2-bit-66-2	INVALID
v2-bit-66-3	INVALID
v2-bit-66-4	INVALID
v2-bit-66-5	INVALID
v2-bit-66-6	INVALID
v2-bit-66-7	INVALID
v2-bit-67-0	INVALID
v2-bit-67-1	INVALID
v2-bit-67-2	INVALID
v2-bit-67-3	INVALID
v2-bit-67-4	INVALID
v2-bit-67-5	INVALID
v2-bit-67-6	INVALID
v2-bit-67-7	INVALID
v2-bit-68-0	INVALID
v2-bit-68-1	INVALID
v2-bit-68-2	INVALID
v2-bit-68-3	INVALID
v2-bit-68-4	INVALID
v2-bit-68-5	INVALID
v2-bit-68-6	INVALID
v2-bit-68-7	INVALID
v2-bit-69-0	INVALID
v2-bit-69-1	INVALID
v2-bit-69-2	INVALID
v2-bit-69-3	INVALID
v2-bit-69-4	INVALID
v2-bit-69-5	INVALID
v2-bit-69-6	INVALID
v2-bit-69-7	INVALID
v2-bit-70-0	INVALID
v2-bit-70-1	INVALID
v2-bit-70-2	INVALID
v2-bit-70-3	INVALID
v2-bit-70-4	INVALID
v2-bit-70-5	INVALID
v2-bit-70-6	INVALID
v2-bit-70-7	INVALID
v2-bit-71-0	INVALID
v2-bit-71-1	INVALID
v2-bit-71-2	INVALID
v2-bit-71-3	INVALID
v2-bit-71-4	INVALID
v2-bit-71-5	INVALID
v2-bit-71-6	INVALID
v2-bit-71-7	INVALID
v2-bit-72-0	INVALID
v2-bit-72-1	INVALID
v2-bit-72-2	INVALID
v2-bit-72-3	INVALID
v2-bit-72-4	INVALID
v2-bit-72-5	INVALID
v2-bit-72-6	INVALID
v2-bit-72-7	INVALID
v2-bit-73-0	INVALID
v2-bit-73-1	INVALID
v2-bit-73-2	INVALID
v2-bit-73-3	INVALID
v2-bit-73-4	INVALID
v2-bit-73-5	INVALID
v2-bit-73-6	INVALID
v2-bit-73-7	INVALID
v2-bit-74-0	INVALID
v2-bit-74-1	INVALID
v2-bit-74-2	INVALID
v2-bit-74-3	INVALID
v2-bit-74-4	INVALID
v2-bit-74-5	INVALID
v2-bit-74-6	INVALID
v2-bit-74-7	INVALID
v2-bit-75-0	INVALID
v2-bit-75-1	INVALID
v2-bit-75-2	INVALID
v2-bit-75-3	INVALID
v2-bit-75-4	INVALID
v2-bit-75-5	INVALID
v2-bit-75-6	INVALID
v2-bit-75-7	INVALID
v2-bit-76-0	INVALID
v2-bit-76-1	INVALID
v2-bit-76-2	INVALID
v2-bit-76-3	INVALID
v2-bit-76-4	INVALID
v2-bit-76-5	INVALID
v2-bit-76-6	INVALID
v2-bit-76-7	INVALID
v2-bit-77-0	INVALID
v2-bit-77-1	INVALID
v2-bit-77-2	INVALID
v2-bit-77-3	INVALID
v2-bit-77-4	INVALID
v2-bit-77-5	INVALID
v2-bit-77-6	INVALID
v2-bit-77-7	INVALID
v2-bit-78-0	INVALID
v2-bit-78-1	INVALID
v2-bit-78-2	INVALID
v2-bit-78-3	INVALID
v2-bit-78-4	INVALID
v2-bit-78-5	INVALID
v2-bit-78-6	INVALID
v2-bit-78-7	INVALID
v2-bit-79-0	INVALID
v2-bit-79-1	INVALID
v2-bit-79-2	INVALID
v2-bit-79-3	INVALID
v2-bit-79-4	INVALID
v2-bit-79-5	INVALID
v2-bit-79-6	INVALID
v2-bit-79-7	INVALID
v2-s-plus-1L	INVALID
v2-s-plus-2L	INVALID
v2-s-plus-3L	INVALID
v2-s-plus-4L	INVALID
v2-s-plus-5L	INVALID
v2-s-plus-6L	INVALID
v2-s-plus-7L	INVALID
v2-s-plus-8L	INVALID
v2-s-plus-9L	INVALID
v2-s-plus-10L	INVALID
v2-s-plus-11L	INVALID
v2-s-plus-12L	INVALID
v2-s-plus-13L	INVALID
v2-s-plus-14L	INVALID
v2-s-plus-15L	INVALID
v2-pk-zero	INVALID
v2-gamma-zero	INVALID
v2-pk-identity	INVALID
v2-gamma-identity	INVALID
v2-pk-minus-one	INVALID
v2-gamma-minus-one	INVALID
v2-pk-p	INVALID
v2-gamma-p	INVALID
v2-pk-p-plus-one	INVALID
v2-gamma-p-plus-one	INVALID
v2-pk-negative-zero	INVALID
v2-gamma-negative-zero	INVALID
v2-wrong-message	INVALID
v2-truncated-message	INVALID
v2-pk-length-0	MALFORMED
v2-pk-length-31	MALFORMED
v2-pk-length-33	MALFORMED
v2-proof-length-0	MALFORMED
v2-proof-length-79	MALFORMED
v2-proof-length-81	MALFORMED
v2-pk-null	MALFORMED
v2-proof-null	MALFORMED
v2-alpha-null	MALFORMED
