70070331/original	0339649fecc4224156494435a46d783d72c8b47fe54e411e6b8fdadda3a75850	dd91ee0776a240d3a6814843fd7a2fd833dcffba0ae5e0020608bb0cfe8df22a	7	505	00f01b8bc5c60a45a2ba47140faaa57affe1e6ecf659d4438b7e98307ff33221ca1c46c4c3848b0346504c747515813c6f58a2370faab28d7657435b6ad04103	dd91ee0776a240d3a6814843fd7a2fd833dcffba0ae5e0020608bb0cfe8df22a000000000000000700000000000001f9	VERIFIED
70070331/hot-bit	0339649fecc4224156494435a46d783d72c8b47fe54e411e6b8fdadda3a75850	dc91ee0776a240d3a6814843fd7a2fd833dcffba0ae5e0020608bb0cfe8df22a	7	505	00f01b8bc5c60a45a2ba47140faaa57affe1e6ecf659d4438b7e98307ff33221ca1c46c4c3848b0346504c747515813c6f58a2370faab28d7657435b6ad04103	dc91ee0776a240d3a6814843fd7a2fd833dcffba0ae5e0020608bb0cfe8df22a000000000000000700000000000001f9	REJECTED
70070331/counter+1	0339649fecc4224156494435a46d783d72c8b47fe54e411e6b8fdadda3a75850	dd91ee0776a240d3a6814843fd7a2fd833dcffba0ae5e0020608bb0cfe8df22a	8	505	00f01b8bc5c60a45a2ba47140faaa57affe1e6ecf659d4438b7e98307ff33221ca1c46c4c3848b0346504c747515813c6f58a2370faab28d7657435b6ad04103	dd91ee0776a240d3a6814843fd7a2fd833dcffba0ae5e0020608bb0cfe8df22a000000000000000800000000000001f9	REJECTED
70070331/start+1	0339649fecc4224156494435a46d783d72c8b47fe54e411e6b8fdadda3a75850	dd91ee0776a240d3a6814843fd7a2fd833dcffba0ae5e0020608bb0cfe8df22a	7	506	00f01b8bc5c60a45a2ba47140faaa57affe1e6ecf659d4438b7e98307ff33221ca1c46c4c3848b0346504c747515813c6f58a2370faab28d7657435b6ad04103	dd91ee0776a240d3a6814843fd7a2fd833dcffba0ae5e0020608bb0cfe8df22a000000000000000700000000000001fa	REJECTED
70070331/little-endian	0339649fecc4224156494435a46d783d72c8b47fe54e411e6b8fdadda3a75850	dd91ee0776a240d3a6814843fd7a2fd833dcffba0ae5e0020608bb0cfe8df22a	504403158265495552	17942622390420766720	00f01b8bc5c60a45a2ba47140faaa57affe1e6ecf659d4438b7e98307ff33221ca1c46c4c3848b0346504c747515813c6f58a2370faab28d7657435b6ad04103	dd91ee0776a240d3a6814843fd7a2fd833dcffba0ae5e0020608bb0cfe8df22a0700000000000000f901000000000000	REJECTED
70070331/signature-bit	0339649fecc4224156494435a46d783d72c8b47fe54e411e6b8fdadda3a75850	dd91ee0776a240d3a6814843fd7a2fd833dcffba0ae5e0020608bb0cfe8df22a	7	505	01f01b8bc5c60a45a2ba47140faaa57affe1e6ecf659d4438b7e98307ff33221ca1c46c4c3848b0346504c747515813c6f58a2370faab28d7657435b6ad04103	dd91ee0776a240d3a6814843fd7a2fd833dcffba0ae5e0020608bb0cfe8df22a000000000000000700000000000001f9	REJECTED
70070331/cold-key-bit	0239649fecc4224156494435a46d783d72c8b47fe54e411e6b8fdadda3a75850	dd91ee0776a240d3a6814843fd7a2fd833dcffba0ae5e0020608bb0cfe8df22a	7	505	00f01b8bc5c60a45a2ba47140faaa57affe1e6ecf659d4438b7e98307ff33221ca1c46c4c3848b0346504c747515813c6f58a2370faab28d7657435b6ad04103	dd91ee0776a240d3a6814843fd7a2fd833dcffba0ae5e0020608bb0cfe8df22a000000000000000700000000000001f9	REJECTED
70070379/original	54ca56226c90d5544bf6f558026b814027b634e60de0bc215237944110569c6c	579c45732473db77b8acd430585aeb79ccf7e76b7b118f1e7302291a2cb3d958	7	511	cad68c6ebff25b637335d3ea1647707cc0e91ecdbc00f1e4a8e3639f1879a5560d50bc948792d43dd2d7cbf54c3e188df16c7ad79f1f78ad1ec760b0725fbe0a	579c45732473db77b8acd430585aeb79ccf7e76b7b118f1e7302291a2cb3d958000000000000000700000000000001ff	VERIFIED
70070379/hot-bit	54ca56226c90d5544bf6f558026b814027b634e60de0bc215237944110569c6c	569c45732473db77b8acd430585aeb79ccf7e76b7b118f1e7302291a2cb3d958	7	511	cad68c6ebff25b637335d3ea1647707cc0e91ecdbc00f1e4a8e3639f1879a5560d50bc948792d43dd2d7cbf54c3e188df16c7ad79f1f78ad1ec760b0725fbe0a	569c45732473db77b8acd430585aeb79ccf7e76b7b118f1e7302291a2cb3d958000000000000000700000000000001ff	REJECTED
70070379/counter+1	54ca56226c90d5544bf6f558026b814027b634e60de0bc215237944110569c6c	579c45732473db77b8acd430585aeb79ccf7e76b7b118f1e7302291a2cb3d958	8	511	cad68c6ebff25b637335d3ea1647707cc0e91ecdbc00f1e4a8e3639f1879a5560d50bc948792d43dd2d7cbf54c3e188df16c7ad79f1f78ad1ec760b0725fbe0a	579c45732473db77b8acd430585aeb79ccf7e76b7b118f1e7302291a2cb3d958000000000000000800000000000001ff	REJECTED
70070379/start+1	54ca56226c90d5544bf6f558026b814027b634e60de0bc215237944110569c6c	579c45732473db77b8acd430585aeb79ccf7e76b7b118f1e7302291a2cb3d958	7	512	cad68c6ebff25b637335d3ea1647707cc0e91ecdbc00f1e4a8e3639f1879a5560d50bc948792d43dd2d7cbf54c3e188df16c7ad79f1f78ad1ec760b0725fbe0a	579c45732473db77b8acd430585aeb79ccf7e76b7b118f1e7302291a2cb3d95800000000000000070000000000000200	REJECTED
70070379/little-endian	54ca56226c90d5544bf6f558026b814027b634e60de0bc215237944110569c6c	579c45732473db77b8acd430585aeb79ccf7e76b7b118f1e7302291a2cb3d958	504403158265495552	18374967954648334336	cad68c6ebff25b637335d3ea1647707cc0e91ecdbc00f1e4a8e3639f1879a5560d50bc948792d43dd2d7cbf54c3e188df16c7ad79f1f78ad1ec760b0725fbe0a	579c45732473db77b8acd430585aeb79ccf7e76b7b118f1e7302291a2cb3d9580700000000000000ff01000000000000	REJECTED
70070379/signature-bit	54ca56226c90d5544bf6f558026b814027b634e60de0bc215237944110569c6c	579c45732473db77b8acd430585aeb79ccf7e76b7b118f1e7302291a2cb3d958	7	511	cbd68c6ebff25b637335d3ea1647707cc0e91ecdbc00f1e4a8e3639f1879a5560d50bc948792d43dd2d7cbf54c3e188df16c7ad79f1f78ad1ec760b0725fbe0a	579c45732473db77b8acd430585aeb79ccf7e76b7b118f1e7302291a2cb3d958000000000000000700000000000001ff	REJECTED
70070379/cold-key-bit	55ca56226c90d5544bf6f558026b814027b634e60de0bc215237944110569c6c	579c45732473db77b8acd430585aeb79ccf7e76b7b118f1e7302291a2cb3d958	7	511	cad68c6ebff25b637335d3ea1647707cc0e91ecdbc00f1e4a8e3639f1879a5560d50bc948792d43dd2d7cbf54c3e188df16c7ad79f1f78ad1ec760b0725fbe0a	579c45732473db77b8acd430585aeb79ccf7e76b7b118f1e7302291a2cb3d958000000000000000700000000000001ff	REJECTED
70070426/original	0339649fecc4224156494435a46d783d72c8b47fe54e411e6b8fdadda3a75850	dd91ee0776a240d3a6814843fd7a2fd833dcffba0ae5e0020608bb0cfe8df22a	7	505	00f01b8bc5c60a45a2ba47140faaa57affe1e6ecf659d4438b7e98307ff33221ca1c46c4c3848b0346504c747515813c6f58a2370faab28d7657435b6ad04103	dd91ee0776a240d3a6814843fd7a2fd833dcffba0ae5e0020608bb0cfe8df22a000000000000000700000000000001f9	VERIFIED
70070426/hot-bit	0339649fecc4224156494435a46d783d72c8b47fe54e411e6b8fdadda3a75850	dc91ee0776a240d3a6814843fd7a2fd833dcffba0ae5e0020608bb0cfe8df22a	7	505	00f01b8bc5c60a45a2ba47140faaa57affe1e6ecf659d4438b7e98307ff33221ca1c46c4c3848b0346504c747515813c6f58a2370faab28d7657435b6ad04103	dc91ee0776a240d3a6814843fd7a2fd833dcffba0ae5e0020608bb0cfe8df22a000000000000000700000000000001f9	REJECTED
70070426/counter+1	0339649fecc4224156494435a46d783d72c8b47fe54e411e6b8fdadda3a75850	dd91ee0776a240d3a6814843fd7a2fd833dcffba0ae5e0020608bb0cfe8df22a	8	505	00f01b8bc5c60a45a2ba47140faaa57affe1e6ecf659d4438b7e98307ff33221ca1c46c4c3848b0346504c747515813c6f58a2370faab28d7657435b6ad04103	dd91ee0776a240d3a6814843fd7a2fd833dcffba0ae5e0020608bb0cfe8df22a000000000000000800000000000001f9	REJECTED
70070426/start+1	0339649fecc4224156494435a46d783d72c8b47fe54e411e6b8fdadda3a75850	dd91ee0776a240d3a6814843fd7a2fd833dcffba0ae5e0020608bb0cfe8df22a	7	506	00f01b8bc5c60a45a2ba47140faaa57affe1e6ecf659d4438b7e98307ff33221ca1c46c4c3848b0346504c747515813c6f58a2370faab28d7657435b6ad04103	dd91ee0776a240d3a6814843fd7a2fd833dcffba0ae5e0020608bb0cfe8df22a000000000000000700000000000001fa	REJECTED
70070426/little-endian	0339649fecc4224156494435a46d783d72c8b47fe54e411e6b8fdadda3a75850	dd91ee0776a240d3a6814843fd7a2fd833dcffba0ae5e0020608bb0cfe8df22a	504403158265495552	17942622390420766720	00f01b8bc5c60a45a2ba47140faaa57affe1e6ecf659d4438b7e98307ff33221ca1c46c4c3848b0346504c747515813c6f58a2370faab28d7657435b6ad04103	dd91ee0776a240d3a6814843fd7a2fd833dcffba0ae5e0020608bb0cfe8df22a0700000000000000f901000000000000	REJECTED
70070426/signature-bit	0339649fecc4224156494435a46d783d72c8b47fe54e411e6b8fdadda3a75850	dd91ee0776a240d3a6814843fd7a2fd833dcffba0ae5e0020608bb0cfe8df22a	7	505	01f01b8bc5c60a45a2ba47140faaa57affe1e6ecf659d4438b7e98307ff33221ca1c46c4c3848b0346504c747515813c6f58a2370faab28d7657435b6ad04103	dd91ee0776a240d3a6814843fd7a2fd833dcffba0ae5e0020608bb0cfe8df22a000000000000000700000000000001f9	REJECTED
70070426/cold-key-bit	0239649fecc4224156494435a46d783d72c8b47fe54e411e6b8fdadda3a75850	dd91ee0776a240d3a6814843fd7a2fd833dcffba0ae5e0020608bb0cfe8df22a	7	505	00f01b8bc5c60a45a2ba47140faaa57affe1e6ecf659d4438b7e98307ff33221ca1c46c4c3848b0346504c747515813c6f58a2370faab28d7657435b6ad04103	dd91ee0776a240d3a6814843fd7a2fd833dcffba0ae5e0020608bb0cfe8df22a000000000000000700000000000001f9	REJECTED
70070464/original	8a60bb0fa41b20613741ca0d52489392991f4b63b787a5f21f3af4e266af6eff	5cfc3964b0b07c81005c7908ba80d8baddead321f46046ed05cae24f8167c610	5	512	a55f9ddf89300cd1bfd4dae976604b1a8fc424de0ff1919a0a64457548d7eac2e27ff364c617ad755b8991668e7a2a3da1b633edacb2990e4181fe6c6d7c9c09	5cfc3964b0b07c81005c7908ba80d8baddead321f46046ed05cae24f8167c61000000000000000050000000000000200	VERIFIED
70070464/hot-bit	8a60bb0fa41b20613741ca0d52489392991f4b63b787a5f21f3af4e266af6eff	5dfc3964b0b07c81005c7908ba80d8baddead321f46046ed05cae24f8167c610	5	512	a55f9ddf89300cd1bfd4dae976604b1a8fc424de0ff1919a0a64457548d7eac2e27ff364c617ad755b8991668e7a2a3da1b633edacb2990e4181fe6c6d7c9c09	5dfc3964b0b07c81005c7908ba80d8baddead321f46046ed05cae24f8167c61000000000000000050000000000000200	REJECTED
70070464/counter+1	8a60bb0fa41b20613741ca0d52489392991f4b63b787a5f21f3af4e266af6eff	5cfc3964b0b07c81005c7908ba80d8baddead321f46046ed05cae24f8167c610	6	512	a55f9ddf89300cd1bfd4dae976604b1a8fc424de0ff1919a0a64457548d7eac2e27ff364c617ad755b8991668e7a2a3da1b633edacb2990e4181fe6c6d7c9c09	5cfc3964b0b07c81005c7908ba80d8baddead321f46046ed05cae24f8167c61000000000000000060000000000000200	REJECTED
70070464/start+1	8a60bb0fa41b20613741ca0d52489392991f4b63b787a5f21f3af4e266af6eff	5cfc3964b0b07c81005c7908ba80d8baddead321f46046ed05cae24f8167c610	5	513	a55f9ddf89300cd1bfd4dae976604b1a8fc424de0ff1919a0a64457548d7eac2e27ff364c617ad755b8991668e7a2a3da1b633edacb2990e4181fe6c6d7c9c09	5cfc3964b0b07c81005c7908ba80d8baddead321f46046ed05cae24f8167c61000000000000000050000000000000201	REJECTED
70070464/little-endian	8a60bb0fa41b20613741ca0d52489392991f4b63b787a5f21f3af4e266af6eff	5cfc3964b0b07c81005c7908ba80d8baddead321f46046ed05cae24f8167c610	360287970189639680	562949953421312	a55f9ddf89300cd1bfd4dae976604b1a8fc424de0ff1919a0a64457548d7eac2e27ff364c617ad755b8991668e7a2a3da1b633edacb2990e4181fe6c6d7c9c09	5cfc3964b0b07c81005c7908ba80d8baddead321f46046ed05cae24f8167c61005000000000000000002000000000000	REJECTED
70070464/signature-bit	8a60bb0fa41b20613741ca0d52489392991f4b63b787a5f21f3af4e266af6eff	5cfc3964b0b07c81005c7908ba80d8baddead321f46046ed05cae24f8167c610	5	512	a45f9ddf89300cd1bfd4dae976604b1a8fc424de0ff1919a0a64457548d7eac2e27ff364c617ad755b8991668e7a2a3da1b633edacb2990e4181fe6c6d7c9c09	5cfc3964b0b07c81005c7908ba80d8baddead321f46046ed05cae24f8167c61000000000000000050000000000000200	REJECTED
70070464/cold-key-bit	8b60bb0fa41b20613741ca0d52489392991f4b63b787a5f21f3af4e266af6eff	5cfc3964b0b07c81005c7908ba80d8baddead321f46046ed05cae24f8167c610	5	512	a55f9ddf89300cd1bfd4dae976604b1a8fc424de0ff1919a0a64457548d7eac2e27ff364c617ad755b8991668e7a2a3da1b633edacb2990e4181fe6c6d7c9c09	5cfc3964b0b07c81005c7908ba80d8baddead321f46046ed05cae24f8167c61000000000000000050000000000000200	REJECTED
