000102030405060708090a0b0c0d0e0f101112131415161718191a1b1c1d1e1f	0	0	000102030405060708090a0b0c0d0e0f101112131415161718191a1b1c1d1e1f00000000000000000000000000000000
000102030405060708090a0b0c0d0e0f101112131415161718191a1b1c1d1e1f	0	1	000102030405060708090a0b0c0d0e0f101112131415161718191a1b1c1d1e1f00000000000000000000000000000001
000102030405060708090a0b0c0d0e0f101112131415161718191a1b1c1d1e1f	0	9223372036854775807	000102030405060708090a0b0c0d0e0f101112131415161718191a1b1c1d1e1f00000000000000007fffffffffffffff
000102030405060708090a0b0c0d0e0f101112131415161718191a1b1c1d1e1f	0	9223372036854775808	000102030405060708090a0b0c0d0e0f101112131415161718191a1b1c1d1e1f00000000000000008000000000000000
000102030405060708090a0b0c0d0e0f101112131415161718191a1b1c1d1e1f	0	18446744073709551615	000102030405060708090a0b0c0d0e0f101112131415161718191a1b1c1d1e1f0000000000000000ffffffffffffffff
000102030405060708090a0b0c0d0e0f101112131415161718191a1b1c1d1e1f	1	0	000102030405060708090a0b0c0d0e0f101112131415161718191a1b1c1d1e1f00000000000000010000000000000000
000102030405060708090a0b0c0d0e0f101112131415161718191a1b1c1d1e1f	1	1	000102030405060708090a0b0c0d0e0f101112131415161718191a1b1c1d1e1f00000000000000010000000000000001
000102030405060708090a0b0c0d0e0f101112131415161718191a1b1c1d1e1f	1	9223372036854775807	000102030405060708090a0b0c0d0e0f101112131415161718191a1b1c1d1e1f00000000000000017fffffffffffffff
000102030405060708090a0b0c0d0e0f101112131415161718191a1b1c1d1e1f	1	9223372036854775808	000102030405060708090a0b0c0d0e0f101112131415161718191a1b1c1d1e1f00000000000000018000000000000000
000102030405060708090a0b0c0d0e0f101112131415161718191a1b1c1d1e1f	1	18446744073709551615	000102030405060708090a0b0c0d0e0f101112131415161718191a1b1c1d1e1f0000000000000001ffffffffffffffff
000102030405060708090a0b0c0d0e0f101112131415161718191a1b1c1d1e1f	9223372036854775807	0	000102030405060708090a0b0c0d0e0f101112131415161718191a1b1c1d1e1f7fffffffffffffff0000000000000000
000102030405060708090a0b0c0d0e0f101112131415161718191a1b1c1d1e1f	9223372036854775807	1	000102030405060708090a0b0c0d0e0f101112131415161718191a1b1c1d1e1f7fffffffffffffff0000000000000001
000102030405060708090a0b0c0d0e0f101112131415161718191a1b1c1d1e1f	9223372036854775807	9223372036854775807	000102030405060708090a0b0c0d0e0f101112131415161718191a1b1c1d1e1f7fffffffffffffff7fffffffffffffff
000102030405060708090a0b0c0d0e0f101112131415161718191a1b1c1d1e1f	9223372036854775807	9223372036854775808	000102030405060708090a0b0c0d0e0f101112131415161718191a1b1c1d1e1f7fffffffffffffff8000000000000000
000102030405060708090a0b0c0d0e0f101112131415161718191a1b1c1d1e1f	9223372036854775807	18446744073709551615	000102030405060708090a0b0c0d0e0f101112131415161718191a1b1c1d1e1f7fffffffffffffffffffffffffffffff
000102030405060708090a0b0c0d0e0f101112131415161718191a1b1c1d1e1f	9223372036854775808	0	000102030405060708090a0b0c0d0e0f101112131415161718191a1b1c1d1e1f80000000000000000000000000000000
000102030405060708090a0b0c0d0e0f101112131415161718191a1b1c1d1e1f	9223372036854775808	1	000102030405060708090a0b0c0d0e0f101112131415161718191a1b1c1d1e1f80000000000000000000000000000001
000102030405060708090a0b0c0d0e0f101112131415161718191a1b1c1d1e1f	9223372036854775808	9223372036854775807	000102030405060708090a0b0c0d0e0f101112131415161718191a1b1c1d1e1f80000000000000007fffffffffffffff
000102030405060708090a0b0c0d0e0f101112131415161718191a1b1c1d1e1f	9223372036854775808	9223372036854775808	000102030405060708090a0b0c0d0e0f101112131415161718191a1b1c1d1e1f80000000000000008000000000000000
000102030405060708090a0b0c0d0e0f101112131415161718191a1b1c1d1e1f	9223372036854775808	18446744073709551615	000102030405060708090a0b0c0d0e0f101112131415161718191a1b1c1d1e1f8000000000000000ffffffffffffffff
000102030405060708090a0b0c0d0e0f101112131415161718191a1b1c1d1e1f	18446744073709551615	0	000102030405060708090a0b0c0d0e0f101112131415161718191a1b1c1d1e1fffffffffffffffff0000000000000000
000102030405060708090a0b0c0d0e0f101112131415161718191a1b1c1d1e1f	18446744073709551615	1	000102030405060708090a0b0c0d0e0f101112131415161718191a1b1c1d1e1fffffffffffffffff0000000000000001
000102030405060708090a0b0c0d0e0f101112131415161718191a1b1c1d1e1f	18446744073709551615	9223372036854775807	000102030405060708090a0b0c0d0e0f101112131415161718191a1b1c1d1e1fffffffffffffffff7fffffffffffffff
000102030405060708090a0b0c0d0e0f101112131415161718191a1b1c1d1e1f	18446744073709551615	9223372036854775808	000102030405060708090a0b0c0d0e0f101112131415161718191a1b1c1d1e1fffffffffffffffff8000000000000000
000102030405060708090a0b0c0d0e0f101112131415161718191a1b1c1d1e1f	18446744073709551615	18446744073709551615	000102030405060708090a0b0c0d0e0f101112131415161718191a1b1c1d1e1fffffffffffffffffffffffffffffffff
