sodium-valid-0	true	true	true
sodium-S-plus-L-0	false	true	true
sodium-valid-1	true	true	true
sodium-S-plus-L-1	false	true	true
sodium-valid-2	true	true	true
sodium-S-plus-L-2	false	true	true
sodium-valid-3	true	true	true
sodium-S-plus-L-3	false	true	true
sodium-valid-4	true	true	true
sodium-S-plus-L-4	false	true	true
sodium-valid-5	true	true	true
sodium-S-plus-L-5	false	true	true
sodium-valid-6	true	true	true
sodium-S-plus-L-6	false	true	true
sodium-valid-7	true	true	true
sodium-S-plus-L-7	false	true	true
sodium-valid-8	true	true	true
sodium-S-plus-L-8	false	true	true
sodium-valid-9	true	true	true
sodium-S-plus-L-9	false	true	true
sodium-valid-10	true	true	true
sodium-S-plus-L-10	false	true	true
sodium-valid-11	true	true	true
sodium-S-plus-L-11	false	true	true
sodium-valid-12	true	true	true
sodium-S-plus-L-12	false	true	true
sodium-valid-13	true	true	true
sodium-S-plus-L-13	false	true	true
sodium-valid-14	true	true	true
sodium-S-plus-L-14	false	true	true
sodium-valid-15	true	true	true
sodium-S-plus-L-15	false	true	true
sodium-valid-16	true	true	true
sodium-S-plus-L-16	false	true	true
sodium-valid-17	true	true	true
sodium-S-plus-L-17	false	true	true
sodium-valid-18	true	true	true
sodium-S-plus-L-18	false	true	true
sodium-valid-19	true	true	true
sodium-S-plus-L-19	false	true	true
sodium-valid-20	true	true	true
sodium-S-plus-L-20	false	true	true
sodium-valid-21	true	true	true
sodium-S-plus-L-21	false	true	true
sodium-valid-22	true	true	true
sodium-S-plus-L-22	false	true	true
sodium-valid-23	true	true	true
sodium-S-plus-L-23	false	true	true
sodium-valid-24	true	true	true
sodium-S-plus-L-24	false	true	true
sodium-valid-25	true	true	true
sodium-S-plus-L-25	false	true	true
sodium-valid-26	true	true	true
sodium-S-plus-L-26	false	true	true
sodium-valid-27	true	true	true
sodium-S-plus-L-27	false	true	true
sodium-valid-28	true	true	true
sodium-S-plus-L-28	false	true	true
sodium-valid-29	true	true	true
sodium-S-plus-L-29	false	true	true
sodium-valid-30	true	true	true
sodium-S-plus-L-30	false	true	true
sodium-valid-31	true	true	true
sodium-S-plus-L-31	false	true	true
sodium-valid-32	true	true	true
sodium-S-plus-L-32	false	true	true
sodium-valid-33	true	true	true
sodium-S-plus-L-33	false	true	true
sodium-valid-34	true	true	true
sodium-S-plus-L-34	false	true	true
sodium-valid-35	true	true	true
sodium-S-plus-L-35	false	true	true
sodium-valid-36	true	true	true
sodium-S-plus-L-36	false	true	true
sodium-valid-37	true	true	true
sodium-S-plus-L-37	false	true	true
sodium-valid-38	true	true	true
sodium-S-plus-L-38	false	true	true
sodium-valid-39	true	true	true
sodium-S-plus-L-39	false	true	true
sodium-valid-40	true	true	true
sodium-S-plus-L-40	false	true	true
sodium-valid-41	true	true	true
sodium-S-plus-L-41	false	true	true
sodium-valid-42	true	true	true
sodium-S-plus-L-42	false	true	true
sodium-valid-43	true	true	true
sodium-S-plus-L-43	false	true	true
sodium-valid-44	true	true	true
sodium-S-plus-L-44	false	true	true
sodium-valid-45	true	true	true
sodium-S-plus-L-45	false	true	true
sodium-valid-46	true	true	true
sodium-S-plus-L-46	false	true	true
sodium-valid-47	true	true	true
sodium-S-plus-L-47	false	true	true
sodium-valid-48	true	true	true
sodium-S-plus-L-48	false	true	true
sodium-valid-49	true	true	true
sodium-S-plus-L-49	false	true	true
sodium-valid-50	true	true	true
sodium-S-plus-L-50	false	true	true
sodium-valid-51	true	true	true
sodium-S-plus-L-51	false	true	true
sodium-valid-52	true	true	true
sodium-S-plus-L-52	false	true	true
sodium-valid-53	true	true	true
sodium-S-plus-L-53	false	true	true
sodium-valid-54	true	true	true
sodium-S-plus-L-54	false	true	true
sodium-valid-55	true	true	true
sodium-S-plus-L-55	false	true	true
sodium-valid-56	true	true	true
sodium-S-plus-L-56	false	true	true
sodium-valid-57	true	true	true
sodium-S-plus-L-57	false	true	true
sodium-valid-58	true	true	true
sodium-S-plus-L-58	false	true	true
sodium-valid-59	true	true	true
sodium-S-plus-L-59	false	true	true
sodium-valid-60	true	true	true
sodium-S-plus-L-60	false	true	true
sodium-valid-61	true	true	true
sodium-S-plus-L-61	false	true	true
sodium-valid-62	true	true	true
sodium-S-plus-L-62	false	true	true
sodium-valid-63	true	true	true
sodium-S-plus-L-63	false	true	true
sodium-valid-64	true	true	true
sodium-S-plus-L-64	false	true	true
sodium-valid-65	true	true	true
sodium-S-plus-L-65	false	true	true
sodium-valid-66	true	true	true
sodium-S-plus-L-66	false	true	true
sodium-valid-67	true	true	true
sodium-S-plus-L-67	false	true	true
sodium-valid-68	true	true	true
sodium-S-plus-L-68	false	true	true
sodium-valid-69	true	true	true
sodium-S-plus-L-69	false	true	true
sodium-valid-70	true	true	true
sodium-S-plus-L-70	false	true	true
sodium-valid-71	true	true	true
sodium-S-plus-L-71	false	true	true
sodium-valid-72	true	true	true
sodium-S-plus-L-72	false	true	true
sodium-valid-73	true	true	true
sodium-S-plus-L-73	false	true	true
sodium-valid-74	true	true	true
sodium-S-plus-L-74	false	true	true
sodium-valid-75	true	true	true
sodium-S-plus-L-75	false	true	true
sodium-valid-76	true	true	true
sodium-S-plus-L-76	false	true	true
sodium-valid-77	true	true	true
sodium-S-plus-L-77	false	true	true
sodium-valid-78	true	true	true
sodium-S-plus-L-78	false	true	true
sodium-valid-79	true	true	true
sodium-S-plus-L-79	false	true	true
sodium-valid-80	true	true	true
sodium-S-plus-L-80	false	true	true
sodium-valid-81	true	true	true
sodium-S-plus-L-81	false	true	true
sodium-valid-82	true	true	true
sodium-S-plus-L-82	false	true	true
sodium-valid-83	true	true	true
sodium-S-plus-L-83	false	true	true
sodium-valid-84	true	true	true
sodium-S-plus-L-84	false	true	true
sodium-valid-85	true	true	true
sodium-S-plus-L-85	false	true	true
sodium-valid-86	true	true	true
sodium-S-plus-L-86	false	true	true
sodium-valid-87	true	true	true
sodium-S-plus-L-87	false	true	true
sodium-valid-88	true	true	true
sodium-S-plus-L-88	false	true	true
sodium-valid-89	true	true	true
sodium-S-plus-L-89	false	true	true
sodium-valid-90	true	true	true
sodium-S-plus-L-90	false	true	true
sodium-valid-91	true	true	true
sodium-S-plus-L-91	false	true	true
sodium-valid-92	true	true	true
sodium-S-plus-L-92	false	true	true
sodium-valid-93	true	true	true
sodium-S-plus-L-93	false	true	true
sodium-valid-94	true	true	true
sodium-S-plus-L-94	false	true	true
sodium-valid-95	true	true	true
sodium-S-plus-L-95	false	true	true
sodium-valid-96	true	true	true
sodium-S-plus-L-96	false	true	true
sodium-valid-97	true	true	true
sodium-S-plus-L-97	false	true	true
sodium-valid-98	true	true	true
sodium-S-plus-L-98	false	true	true
sodium-valid-99	true	true	true
sodium-S-plus-L-99	false	true	true
sodium-valid-100	true	true	true
sodium-S-plus-L-100	false	true	true
sodium-valid-101	true	true	true
sodium-S-plus-L-101	false	true	true
sodium-valid-102	true	true	true
sodium-S-plus-L-102	false	true	true
sodium-valid-103	true	true	true
sodium-S-plus-L-103	false	true	true
sodium-valid-104	true	true	true
sodium-S-plus-L-104	false	true	true
sodium-valid-105	true	true	true
sodium-S-plus-L-105	false	true	true
sodium-valid-106	true	true	true
sodium-S-plus-L-106	false	true	true
sodium-valid-107	true	true	true
sodium-S-plus-L-107	false	true	true
sodium-valid-108	true	true	true
sodium-S-plus-L-108	false	true	true
sodium-valid-109	true	true	true
sodium-S-plus-L-109	false	true	true
sodium-valid-110	true	true	true
sodium-S-plus-L-110	false	true	true
sodium-valid-111	true	true	true
sodium-S-plus-L-111	false	true	true
sodium-valid-112	true	true	true
sodium-S-plus-L-112	false	true	true
sodium-valid-113	true	true	true
sodium-S-plus-L-113	false	true	true
sodium-valid-114	true	true	true
sodium-S-plus-L-114	false	true	true
sodium-valid-115	true	true	true
sodium-S-plus-L-115	false	true	true
sodium-valid-116	true	true	true
sodium-S-plus-L-116	false	true	true
sodium-valid-117	true	true	true
sodium-S-plus-L-117	false	true	true
sodium-valid-118	true	true	true
sodium-S-plus-L-118	false	true	true
sodium-valid-119	true	true	true
sodium-S-plus-L-119	false	true	true
sodium-valid-120	true	true	true
sodium-S-plus-L-120	false	true	true
sodium-valid-121	true	true	true
sodium-S-plus-L-121	false	true	true
sodium-valid-122	true	true	true
sodium-S-plus-L-122	false	true	true
sodium-valid-123	true	true	true
sodium-S-plus-L-123	false	true	true
sodium-valid-124	true	true	true
sodium-S-plus-L-124	false	true	true
sodium-valid-125	true	true	true
sodium-S-plus-L-125	false	true	true
sodium-valid-126	true	true	true
sodium-S-plus-L-126	false	true	true
sodium-valid-127	true	true	true
sodium-S-plus-L-127	false	true	true
sodium-valid-128	true	true	true
sodium-S-plus-L-128	false	true	true
sodium-valid-129	true	true	true
sodium-S-plus-L-129	false	true	true
sodium-valid-130	true	true	true
sodium-S-plus-L-130	false	true	true
sodium-valid-131	true	true	true
sodium-S-plus-L-131	false	true	true
sodium-valid-132	true	true	true
sodium-S-plus-L-132	false	true	true
sodium-valid-133	true	true	true
sodium-S-plus-L-133	false	true	true
sodium-valid-134	true	true	true
sodium-S-plus-L-134	false	true	true
sodium-valid-135	true	true	true
sodium-S-plus-L-135	false	true	true
sodium-valid-136	true	true	true
sodium-S-plus-L-136	false	true	true
sodium-valid-137	true	true	true
sodium-S-plus-L-137	false	true	true
sodium-valid-138	true	true	true
sodium-S-plus-L-138	false	true	true
sodium-valid-139	true	true	true
sodium-S-plus-L-139	false	true	true
sodium-valid-140	true	true	true
sodium-S-plus-L-140	false	true	true
sodium-valid-141	true	true	true
sodium-S-plus-L-141	false	true	true
sodium-valid-142	true	true	true
sodium-S-plus-L-142	false	true	true
sodium-valid-143	true	true	true
sodium-S-plus-L-143	false	true	true
sodium-valid-144	true	true	true
sodium-S-plus-L-144	false	true	true
sodium-valid-145	true	true	true
sodium-S-plus-L-145	false	true	true
sodium-valid-146	true	true	true
sodium-S-plus-L-146	false	true	true
sodium-valid-147	true	true	true
sodium-S-plus-L-147	false	true	true
sodium-valid-148	true	true	true
sodium-S-plus-L-148	false	true	true
sodium-valid-149	true	true	true
sodium-S-plus-L-149	false	true	true
sodium-valid-150	true	true	true
sodium-S-plus-L-150	false	true	true
sodium-valid-151	true	true	true
sodium-S-plus-L-151	false	true	true
sodium-valid-152	true	true	true
sodium-S-plus-L-152	false	true	true
sodium-valid-153	true	true	true
sodium-S-plus-L-153	false	true	true
sodium-valid-154	true	true	true
sodium-S-plus-L-154	false	true	true
sodium-valid-155	true	true	true
sodium-S-plus-L-155	false	true	true
sodium-valid-156	true	true	true
sodium-S-plus-L-156	false	true	true
sodium-valid-157	true	true	true
sodium-S-plus-L-157	false	true	true
sodium-valid-158	true	true	true
sodium-S-plus-L-158	false	true	true
sodium-valid-159	true	true	true
sodium-S-plus-L-159	false	true	true
sodium-valid-160	true	true	true
sodium-S-plus-L-160	false	true	true
sodium-valid-161	true	true	true
sodium-S-plus-L-161	false	true	true
sodium-valid-162	true	true	true
sodium-S-plus-L-162	false	true	true
sodium-valid-163	true	true	true
sodium-S-plus-L-163	false	true	true
sodium-valid-164	true	true	true
sodium-S-plus-L-164	false	true	true
sodium-valid-165	true	true	true
sodium-S-plus-L-165	false	true	true
sodium-valid-166	true	true	true
sodium-S-plus-L-166	false	true	true
sodium-valid-167	true	true	true
sodium-S-plus-L-167	false	true	true
sodium-valid-168	true	true	true
sodium-S-plus-L-168	false	true	true
sodium-valid-169	true	true	true
sodium-S-plus-L-169	false	true	true
sodium-valid-170	true	true	true
sodium-S-plus-L-170	false	true	true
sodium-valid-171	true	true	true
sodium-S-plus-L-171	false	true	true
sodium-valid-172	true	true	true
sodium-S-plus-L-172	false	true	true
sodium-valid-173	true	true	true
sodium-S-plus-L-173	false	true	true
sodium-valid-174	true	true	true
sodium-S-plus-L-174	false	true	true
sodium-valid-175	true	true	true
sodium-S-plus-L-175	false	true	true
sodium-valid-176	true	true	true
sodium-S-plus-L-176	false	true	true
sodium-valid-177	true	true	true
sodium-S-plus-L-177	false	true	true
sodium-valid-178	true	true	true
sodium-S-plus-L-178	false	true	true
sodium-valid-179	true	true	true
sodium-S-plus-L-179	false	true	true
sodium-valid-180	true	true	true
sodium-S-plus-L-180	false	true	true
sodium-valid-181	true	true	true
sodium-S-plus-L-181	false	true	true
sodium-valid-182	true	true	true
sodium-S-plus-L-182	false	true	true
sodium-valid-183	true	true	true
sodium-S-plus-L-183	false	true	true
sodium-valid-184	true	true	true
sodium-S-plus-L-184	false	true	true
sodium-valid-185	true	true	true
sodium-S-plus-L-185	false	true	true
sodium-valid-186	true	true	true
sodium-S-plus-L-186	false	true	true
sodium-valid-187	true	true	true
sodium-S-plus-L-187	false	true	true
sodium-valid-188	true	true	true
sodium-S-plus-L-188	false	true	true
sodium-valid-189	true	true	true
sodium-S-plus-L-189	false	true	true
sodium-valid-190	true	true	true
sodium-S-plus-L-190	false	true	true
sodium-valid-191	true	true	true
sodium-S-plus-L-191	false	true	true
sodium-valid-192	true	true	true
sodium-S-plus-L-192	false	true	true
sodium-valid-193	true	true	true
sodium-S-plus-L-193	false	true	true
sodium-valid-194	true	true	true
sodium-S-plus-L-194	false	true	true
sodium-valid-195	true	true	true
sodium-S-plus-L-195	false	true	true
sodium-valid-196	true	true	true
sodium-S-plus-L-196	false	true	true
sodium-valid-197	true	true	true
sodium-S-plus-L-197	false	true	true
sodium-valid-198	true	true	true
sodium-S-plus-L-198	false	true	true
sodium-valid-199	true	true	true
sodium-S-plus-L-199	false	true	true
sodium-valid-200	true	true	true
sodium-S-plus-L-200	false	true	true
sodium-valid-201	true	true	true
sodium-S-plus-L-201	false	true	true
sodium-valid-202	true	true	true
sodium-S-plus-L-202	false	true	true
sodium-valid-203	true	true	true
sodium-S-plus-L-203	false	true	true
sodium-valid-204	true	true	true
sodium-S-plus-L-204	false	true	true
sodium-valid-205	true	true	true
sodium-S-plus-L-205	false	true	true
sodium-valid-206	true	true	true
sodium-S-plus-L-206	false	true	true
sodium-valid-207	true	true	true
sodium-S-plus-L-207	false	true	true
sodium-valid-208	true	true	true
sodium-S-plus-L-208	false	true	true
sodium-valid-209	true	true	true
sodium-S-plus-L-209	false	true	true
sodium-valid-210	true	true	true
sodium-S-plus-L-210	false	true	true
sodium-valid-211	true	true	true
sodium-S-plus-L-211	false	true	true
sodium-valid-212	true	true	true
sodium-S-plus-L-212	false	true	true
sodium-valid-213	true	true	true
sodium-S-plus-L-213	false	true	true
sodium-valid-214	true	true	true
sodium-S-plus-L-214	false	true	true
sodium-valid-215	true	true	true
sodium-S-plus-L-215	false	true	true
sodium-valid-216	true	true	true
sodium-S-plus-L-216	false	true	true
sodium-valid-217	true	true	true
sodium-S-plus-L-217	false	true	true
sodium-valid-218	true	true	true
sodium-S-plus-L-218	false	true	true
sodium-valid-219	true	true	true
sodium-S-plus-L-219	false	true	true
sodium-valid-220	true	true	true
sodium-S-plus-L-220	false	true	true
sodium-valid-221	true	true	true
sodium-S-plus-L-221	false	true	true
sodium-valid-222	true	true	true
sodium-S-plus-L-222	false	true	true
sodium-valid-223	true	true	true
sodium-S-plus-L-223	false	true	true
sodium-valid-224	true	true	true
sodium-S-plus-L-224	false	true	true
sodium-valid-225	true	true	true
sodium-S-plus-L-225	false	true	true
sodium-valid-226	true	true	true
sodium-S-plus-L-226	false	true	true
sodium-valid-227	true	true	true
sodium-S-plus-L-227	false	true	true
sodium-valid-228	true	true	true
sodium-S-plus-L-228	false	true	true
sodium-valid-229	true	true	true
sodium-S-plus-L-229	false	true	true
sodium-valid-230	true	true	true
sodium-S-plus-L-230	false	true	true
sodium-valid-231	true	true	true
sodium-S-plus-L-231	false	true	true
sodium-valid-232	true	true	true
sodium-S-plus-L-232	false	true	true
sodium-valid-233	true	true	true
sodium-S-plus-L-233	false	true	true
sodium-valid-234	true	true	true
sodium-S-plus-L-234	false	true	true
sodium-valid-235	true	true	true
sodium-S-plus-L-235	false	true	true
sodium-valid-236	true	true	true
sodium-S-plus-L-236	false	true	true
sodium-valid-237	true	true	true
sodium-S-plus-L-237	false	true	true
sodium-valid-238	true	true	true
sodium-S-plus-L-238	false	true	true
sodium-valid-239	true	true	true
sodium-S-plus-L-239	false	true	true
sodium-valid-240	true	true	true
sodium-S-plus-L-240	false	true	true
sodium-valid-241	true	true	true
sodium-S-plus-L-241	false	true	true
sodium-valid-242	true	true	true
sodium-S-plus-L-242	false	true	true
sodium-valid-243	true	true	true
sodium-S-plus-L-243	false	true	true
sodium-valid-244	true	true	true
sodium-S-plus-L-244	false	true	true
sodium-valid-245	true	true	true
sodium-S-plus-L-245	false	true	true
sodium-valid-246	true	true	true
sodium-S-plus-L-246	false	true	true
sodium-valid-247	true	true	true
sodium-S-plus-L-247	false	true	true
sodium-valid-248	true	true	true
sodium-S-plus-L-248	false	true	true
sodium-valid-249	true	true	true
sodium-S-plus-L-249	false	true	true
sodium-valid-250	true	true	true
sodium-S-plus-L-250	false	true	true
sodium-valid-251	true	true	true
sodium-S-plus-L-251	false	true	true
sodium-valid-252	true	true	true
sodium-S-plus-L-252	false	true	true
sodium-valid-253	true	true	true
sodium-S-plus-L-253	false	true	true
sodium-valid-254	true	true	true
sodium-S-plus-L-254	false	true	true
sodium-valid-255	true	true	true
sodium-S-plus-L-255	false	true	true
sodium-valid-256	true	true	true
sodium-S-plus-L-256	false	true	true
sodium-valid-257	true	true	true
sodium-S-plus-L-257	false	true	true
sodium-valid-258	true	true	true
sodium-S-plus-L-258	false	true	true
sodium-valid-259	true	true	true
sodium-S-plus-L-259	false	true	true
sodium-valid-260	true	true	true
sodium-S-plus-L-260	false	true	true
sodium-valid-261	true	true	true
sodium-S-plus-L-261	false	true	true
sodium-valid-262	true	true	true
sodium-S-plus-L-262	false	true	true
sodium-valid-263	true	true	true
sodium-S-plus-L-263	false	true	true
sodium-valid-264	true	true	true
sodium-S-plus-L-264	false	true	true
sodium-valid-265	true	true	true
sodium-S-plus-L-265	false	true	true
sodium-valid-266	true	true	true
sodium-S-plus-L-266	false	true	true
sodium-valid-267	true	true	true
sodium-S-plus-L-267	false	true	true
sodium-valid-268	true	true	true
sodium-S-plus-L-268	false	true	true
sodium-valid-269	true	true	true
sodium-S-plus-L-269	false	true	true
sodium-valid-270	true	true	true
sodium-S-plus-L-270	false	true	true
sodium-valid-271	true	true	true
sodium-S-plus-L-271	false	true	true
sodium-valid-272	true	true	true
sodium-S-plus-L-272	false	true	true
sodium-valid-273	true	true	true
sodium-S-plus-L-273	false	true	true
sodium-valid-274	true	true	true
sodium-S-plus-L-274	false	true	true
sodium-valid-275	true	true	true
sodium-S-plus-L-275	false	true	true
sodium-valid-276	true	true	true
sodium-S-plus-L-276	false	true	true
sodium-valid-277	true	true	true
sodium-S-plus-L-277	false	true	true
sodium-valid-278	true	true	true
sodium-S-plus-L-278	false	true	true
sodium-valid-279	true	true	true
sodium-S-plus-L-279	false	true	true
sodium-valid-280	true	true	true
sodium-S-plus-L-280	false	true	true
sodium-valid-281	true	true	true
sodium-S-plus-L-281	false	true	true
sodium-valid-282	true	true	true
sodium-S-plus-L-282	false	true	true
sodium-valid-283	true	true	true
sodium-S-plus-L-283	false	true	true
sodium-valid-284	true	true	true
sodium-S-plus-L-284	false	true	true
sodium-valid-285	true	true	true
sodium-S-plus-L-285	false	true	true
sodium-valid-286	true	true	true
sodium-S-plus-L-286	false	true	true
sodium-valid-287	true	true	true
sodium-S-plus-L-287	false	true	true
sodium-valid-288	true	true	true
sodium-S-plus-L-288	false	true	true
sodium-valid-289	true	true	true
sodium-S-plus-L-289	false	true	true
sodium-valid-290	true	true	true
sodium-S-plus-L-290	false	true	true
sodium-valid-291	true	true	true
sodium-S-plus-L-291	false	true	true
sodium-valid-292	true	true	true
sodium-S-plus-L-292	false	true	true
sodium-valid-293	true	true	true
sodium-S-plus-L-293	false	true	true
sodium-valid-294	true	true	true
sodium-S-plus-L-294	false	true	true
sodium-valid-295	true	true	true
sodium-S-plus-L-295	false	true	true
sodium-valid-296	true	true	true
sodium-S-plus-L-296	false	true	true
sodium-valid-297	true	true	true
sodium-S-plus-L-297	false	true	true
sodium-valid-298	true	true	true
sodium-S-plus-L-298	false	true	true
sodium-valid-299	true	true	true
sodium-S-plus-L-299	false	true	true
sodium-valid-300	true	true	true
sodium-S-plus-L-300	false	true	true
sodium-valid-301	true	true	true
sodium-S-plus-L-301	false	true	true
sodium-valid-302	true	true	true
sodium-S-plus-L-302	false	true	true
sodium-valid-303	true	true	true
sodium-S-plus-L-303	false	true	true
sodium-valid-304	true	true	true
sodium-S-plus-L-304	false	true	true
sodium-valid-305	true	true	true
sodium-S-plus-L-305	false	true	true
sodium-valid-306	true	true	true
sodium-S-plus-L-306	false	true	true
sodium-valid-307	true	true	true
sodium-S-plus-L-307	false	true	true
sodium-valid-308	true	true	true
sodium-S-plus-L-308	false	true	true
sodium-valid-309	true	true	true
sodium-S-plus-L-309	false	true	true
sodium-valid-310	true	true	true
sodium-S-plus-L-310	false	true	true
sodium-valid-311	true	true	true
sodium-S-plus-L-311	false	true	true
sodium-valid-312	true	true	true
sodium-S-plus-L-312	false	true	true
sodium-valid-313	true	true	true
sodium-S-plus-L-313	false	true	true
sodium-valid-314	true	true	true
sodium-S-plus-L-314	false	true	true
sodium-valid-315	true	true	true
sodium-S-plus-L-315	false	true	true
sodium-valid-316	true	true	true
sodium-S-plus-L-316	false	true	true
sodium-valid-317	true	true	true
sodium-S-plus-L-317	false	true	true
sodium-valid-318	true	true	true
sodium-S-plus-L-318	false	true	true
sodium-valid-319	true	true	true
sodium-S-plus-L-319	false	true	true
sodium-valid-320	true	true	true
sodium-S-plus-L-320	false	true	true
sodium-valid-321	true	true	true
sodium-S-plus-L-321	false	true	true
sodium-valid-322	true	true	true
sodium-S-plus-L-322	false	true	true
sodium-valid-323	true	true	true
sodium-S-plus-L-323	false	true	true
sodium-valid-324	true	true	true
sodium-S-plus-L-324	false	true	true
sodium-valid-325	true	true	true
sodium-S-plus-L-325	false	true	true
sodium-valid-326	true	true	true
sodium-S-plus-L-326	false	true	true
sodium-valid-327	true	true	true
sodium-S-plus-L-327	false	true	true
sodium-valid-328	true	true	true
sodium-S-plus-L-328	false	true	true
sodium-valid-329	true	true	true
sodium-S-plus-L-329	false	true	true
sodium-valid-330	true	true	true
sodium-S-plus-L-330	false	true	true
sodium-valid-331	true	true	true
sodium-S-plus-L-331	false	true	true
sodium-valid-332	true	true	true
sodium-S-plus-L-332	false	true	true
sodium-valid-333	true	true	true
sodium-S-plus-L-333	false	true	true
sodium-valid-334	true	true	true
sodium-S-plus-L-334	false	true	true
sodium-valid-335	true	true	true
sodium-S-plus-L-335	false	true	true
sodium-valid-336	true	true	true
sodium-S-plus-L-336	false	true	true
sodium-valid-337	true	true	true
sodium-S-plus-L-337	false	true	true
sodium-valid-338	true	true	true
sodium-S-plus-L-338	false	true	true
sodium-valid-339	true	true	true
sodium-S-plus-L-339	false	true	true
sodium-valid-340	true	true	true
sodium-S-plus-L-340	false	true	true
sodium-valid-341	true	true	true
sodium-S-plus-L-341	false	true	true
sodium-valid-342	true	true	true
sodium-S-plus-L-342	false	true	true
sodium-valid-343	true	true	true
sodium-S-plus-L-343	false	true	true
sodium-valid-344	true	true	true
sodium-S-plus-L-344	false	true	true
sodium-valid-345	true	true	true
sodium-S-plus-L-345	false	true	true
sodium-valid-346	true	true	true
sodium-S-plus-L-346	false	true	true
sodium-valid-347	true	true	true
sodium-S-plus-L-347	false	true	true
sodium-valid-348	true	true	true
sodium-S-plus-L-348	false	true	true
sodium-valid-349	true	true	true
sodium-S-plus-L-349	false	true	true
sodium-valid-350	true	true	true
sodium-S-plus-L-350	false	true	true
sodium-valid-351	true	true	true
sodium-S-plus-L-351	false	true	true
sodium-valid-352	true	true	true
sodium-S-plus-L-352	false	true	true
sodium-valid-353	true	true	true
sodium-S-plus-L-353	false	true	true
sodium-valid-354	true	true	true
sodium-S-plus-L-354	false	true	true
sodium-valid-355	true	true	true
sodium-S-plus-L-355	false	true	true
sodium-valid-356	true	true	true
sodium-S-plus-L-356	false	true	true
sodium-valid-357	true	true	true
sodium-S-plus-L-357	false	true	true
sodium-valid-358	true	true	true
sodium-S-plus-L-358	false	true	true
sodium-valid-359	true	true	true
sodium-S-plus-L-359	false	true	true
sodium-valid-360	true	true	true
sodium-S-plus-L-360	false	true	true
sodium-valid-361	true	true	true
sodium-S-plus-L-361	false	true	true
sodium-valid-362	true	true	true
sodium-S-plus-L-362	false	true	true
sodium-valid-363	true	true	true
sodium-S-plus-L-363	false	true	true
sodium-valid-364	true	true	true
sodium-S-plus-L-364	false	true	true
sodium-valid-365	true	true	true
sodium-S-plus-L-365	false	true	true
sodium-valid-366	true	true	true
sodium-S-plus-L-366	false	true	true
sodium-valid-367	true	true	true
sodium-S-plus-L-367	false	true	true
sodium-valid-368	true	true	true
sodium-S-plus-L-368	false	true	true
sodium-valid-369	true	true	true
sodium-S-plus-L-369	false	true	true
sodium-valid-370	true	true	true
sodium-S-plus-L-370	false	true	true
sodium-valid-371	true	true	true
sodium-S-plus-L-371	false	true	true
sodium-valid-372	true	true	true
sodium-S-plus-L-372	false	true	true
sodium-valid-373	true	true	true
sodium-S-plus-L-373	false	true	true
sodium-valid-374	true	true	true
sodium-S-plus-L-374	false	true	true
sodium-valid-375	true	true	true
sodium-S-plus-L-375	false	true	true
sodium-valid-376	true	true	true
sodium-S-plus-L-376	false	true	true
sodium-valid-377	true	true	true
sodium-S-plus-L-377	false	true	true
sodium-valid-378	true	true	true
sodium-S-plus-L-378	false	true	true
sodium-valid-379	true	true	true
sodium-S-plus-L-379	false	true	true
sodium-valid-380	true	true	true
sodium-S-plus-L-380	false	true	true
sodium-valid-381	true	true	true
sodium-S-plus-L-381	false	true	true
sodium-valid-382	true	true	true
sodium-S-plus-L-382	false	true	true
sodium-valid-383	true	true	true
sodium-S-plus-L-383	false	true	true
sodium-valid-384	true	true	true
sodium-S-plus-L-384	false	true	true
sodium-valid-385	true	true	true
sodium-S-plus-L-385	false	true	true
sodium-valid-386	true	true	true
sodium-S-plus-L-386	false	true	true
sodium-valid-387	true	true	true
sodium-S-plus-L-387	false	true	true
sodium-valid-388	true	true	true
sodium-S-plus-L-388	false	true	true
sodium-valid-389	true	true	true
sodium-S-plus-L-389	false	true	true
sodium-valid-390	true	true	true
sodium-S-plus-L-390	false	true	true
sodium-valid-391	true	true	true
sodium-S-plus-L-391	false	true	true
sodium-valid-392	true	true	true
sodium-S-plus-L-392	false	true	true
sodium-valid-393	true	true	true
sodium-S-plus-L-393	false	true	true
sodium-valid-394	true	true	true
sodium-S-plus-L-394	false	true	true
sodium-valid-395	true	true	true
sodium-S-plus-L-395	false	true	true
sodium-valid-396	true	true	true
sodium-S-plus-L-396	false	true	true
sodium-valid-397	true	true	true
sodium-S-plus-L-397	false	true	true
sodium-valid-398	true	true	true
sodium-S-plus-L-398	false	true	true
sodium-valid-399	true	true	true
sodium-S-plus-L-399	false	true	true
sodium-valid-400	true	true	true
sodium-S-plus-L-400	false	true	true
sodium-valid-401	true	true	true
sodium-S-plus-L-401	false	true	true
sodium-valid-402	true	true	true
sodium-S-plus-L-402	false	true	true
sodium-valid-403	true	true	true
sodium-S-plus-L-403	false	true	true
sodium-valid-404	true	true	true
sodium-S-plus-L-404	false	true	true
sodium-valid-405	true	true	true
sodium-S-plus-L-405	false	true	true
sodium-valid-406	true	true	true
sodium-S-plus-L-406	false	true	true
sodium-valid-407	true	true	true
sodium-S-plus-L-407	false	true	true
sodium-valid-408	true	true	true
sodium-S-plus-L-408	false	true	true
sodium-valid-409	true	true	true
sodium-S-plus-L-409	false	true	true
sodium-valid-410	true	true	true
sodium-S-plus-L-410	false	true	true
sodium-valid-411	true	true	true
sodium-S-plus-L-411	false	true	true
sodium-valid-412	true	true	true
sodium-S-plus-L-412	false	true	true
sodium-valid-413	true	true	true
sodium-S-plus-L-413	false	true	true
sodium-valid-414	true	true	true
sodium-S-plus-L-414	false	true	true
sodium-valid-415	true	true	true
sodium-S-plus-L-415	false	true	true
sodium-valid-416	true	true	true
sodium-S-plus-L-416	false	true	true
sodium-valid-417	true	true	true
sodium-S-plus-L-417	false	true	true
sodium-valid-418	true	true	true
sodium-S-plus-L-418	false	true	true
sodium-valid-419	true	true	true
sodium-S-plus-L-419	false	true	true
sodium-valid-420	true	true	true
sodium-S-plus-L-420	false	true	true
sodium-valid-421	true	true	true
sodium-S-plus-L-421	false	true	true
sodium-valid-422	true	true	true
sodium-S-plus-L-422	false	true	true
sodium-valid-423	true	true	true
sodium-S-plus-L-423	false	true	true
sodium-valid-424	true	true	true
sodium-S-plus-L-424	false	true	true
sodium-valid-425	true	true	true
sodium-S-plus-L-425	false	true	true
sodium-valid-426	true	true	true
sodium-S-plus-L-426	false	true	true
sodium-valid-427	true	true	true
sodium-S-plus-L-427	false	true	true
sodium-valid-428	true	true	true
sodium-S-plus-L-428	false	true	true
sodium-valid-429	true	true	true
sodium-S-plus-L-429	false	true	true
sodium-valid-430	true	true	true
sodium-S-plus-L-430	false	true	true
sodium-valid-431	true	true	true
sodium-S-plus-L-431	false	true	true
sodium-valid-432	true	true	true
sodium-S-plus-L-432	false	true	true
sodium-valid-433	true	true	true
sodium-S-plus-L-433	false	true	true
sodium-valid-434	true	true	true
sodium-S-plus-L-434	false	true	true
sodium-valid-435	true	true	true
sodium-S-plus-L-435	false	true	true
sodium-valid-436	true	true	true
sodium-S-plus-L-436	false	true	true
sodium-valid-437	true	true	true
sodium-S-plus-L-437	false	true	true
sodium-valid-438	true	true	true
sodium-S-plus-L-438	false	true	true
sodium-valid-439	true	true	true
sodium-S-plus-L-439	false	true	true
sodium-valid-440	true	true	true
sodium-S-plus-L-440	false	true	true
sodium-valid-441	true	true	true
sodium-S-plus-L-441	false	true	true
sodium-valid-442	true	true	true
sodium-S-plus-L-442	false	true	true
sodium-valid-443	true	true	true
sodium-S-plus-L-443	false	true	true
sodium-valid-444	true	true	true
sodium-S-plus-L-444	false	true	true
sodium-valid-445	true	true	true
sodium-S-plus-L-445	false	true	true
sodium-valid-446	true	true	true
sodium-S-plus-L-446	false	true	true
sodium-valid-447	true	true	true
sodium-S-plus-L-447	false	true	true
sodium-valid-448	true	true	true
sodium-S-plus-L-448	false	true	true
sodium-valid-449	true	true	true
sodium-S-plus-L-449	false	true	true
sodium-valid-450	true	true	true
sodium-S-plus-L-450	false	true	true
sodium-valid-451	true	true	true
sodium-S-plus-L-451	false	true	true
sodium-valid-452	true	true	true
sodium-S-plus-L-452	false	true	true
sodium-valid-453	true	true	true
sodium-S-plus-L-453	false	true	true
sodium-valid-454	true	true	true
sodium-S-plus-L-454	false	true	true
sodium-valid-455	true	true	true
sodium-S-plus-L-455	false	true	true
sodium-valid-456	true	true	true
sodium-S-plus-L-456	false	true	true
sodium-valid-457	true	true	true
sodium-S-plus-L-457	false	true	true
sodium-valid-458	true	true	true
sodium-S-plus-L-458	false	true	true
sodium-valid-459	true	true	true
sodium-S-plus-L-459	false	true	true
sodium-valid-460	true	true	true
sodium-S-plus-L-460	false	true	true
sodium-valid-461	true	true	true
sodium-S-plus-L-461	false	true	true
sodium-valid-462	true	true	true
sodium-S-plus-L-462	false	true	true
sodium-valid-463	true	true	true
sodium-S-plus-L-463	false	true	true
sodium-valid-464	true	true	true
sodium-S-plus-L-464	false	true	true
sodium-valid-465	true	true	true
sodium-S-plus-L-465	false	true	true
sodium-valid-466	true	true	true
sodium-S-plus-L-466	false	true	true
sodium-valid-467	true	true	true
sodium-S-plus-L-467	false	true	true
sodium-valid-468	true	true	true
sodium-S-plus-L-468	false	true	true
sodium-valid-469	true	true	true
sodium-S-plus-L-469	false	true	true
sodium-valid-470	true	true	true
sodium-S-plus-L-470	false	true	true
sodium-valid-471	true	true	true
sodium-S-plus-L-471	false	true	true
sodium-valid-472	true	true	true
sodium-S-plus-L-472	false	true	true
sodium-valid-473	true	true	true
sodium-S-plus-L-473	false	true	true
sodium-valid-474	true	true	true
sodium-S-plus-L-474	false	true	true
sodium-valid-475	true	true	true
sodium-S-plus-L-475	false	true	true
sodium-valid-476	true	true	true
sodium-S-plus-L-476	false	true	true
sodium-valid-477	true	true	true
sodium-S-plus-L-477	false	true	true
sodium-valid-478	true	true	true
sodium-S-plus-L-478	false	true	true
sodium-valid-479	true	true	true
sodium-S-plus-L-479	false	true	true
sodium-valid-480	true	true	true
sodium-S-plus-L-480	false	true	true
sodium-valid-481	true	true	true
sodium-S-plus-L-481	false	true	true
sodium-valid-482	true	true	true
sodium-S-plus-L-482	false	true	true
sodium-valid-483	true	true	true
sodium-S-plus-L-483	false	true	true
sodium-valid-484	true	true	true
sodium-S-plus-L-484	false	true	true
sodium-valid-485	true	true	true
sodium-S-plus-L-485	false	true	true
sodium-valid-486	true	true	true
sodium-S-plus-L-486	false	true	true
sodium-valid-487	true	true	true
sodium-S-plus-L-487	false	true	true
sodium-valid-488	true	true	true
sodium-S-plus-L-488	false	true	true
sodium-valid-489	true	true	true
sodium-S-plus-L-489	false	true	true
sodium-valid-490	true	true	true
sodium-S-plus-L-490	false	true	true
sodium-valid-491	true	true	true
sodium-S-plus-L-491	false	true	true
sodium-valid-492	true	true	true
sodium-S-plus-L-492	false	true	true
sodium-valid-493	true	true	true
sodium-S-plus-L-493	false	true	true
sodium-valid-494	true	true	true
sodium-S-plus-L-494	false	true	true
sodium-valid-495	true	true	true
sodium-S-plus-L-495	false	true	true
sodium-valid-496	true	true	true
sodium-S-plus-L-496	false	true	true
sodium-valid-497	true	true	true
sodium-S-plus-L-497	false	true	true
sodium-valid-498	true	true	true
sodium-S-plus-L-498	false	true	true
sodium-valid-499	true	true	true
sodium-S-plus-L-499	false	true	true
sodium-valid-500	true	true	true
sodium-S-plus-L-500	false	true	true
sodium-valid-501	true	true	true
sodium-S-plus-L-501	false	true	true
sodium-valid-502	true	true	true
sodium-S-plus-L-502	false	true	true
sodium-valid-503	true	true	true
sodium-S-plus-L-503	false	true	true
sodium-valid-504	true	true	true
sodium-S-plus-L-504	false	true	true
sodium-valid-505	true	true	true
sodium-S-plus-L-505	false	true	true
sodium-valid-506	true	true	true
sodium-S-plus-L-506	false	true	true
sodium-valid-507	true	true	true
sodium-S-plus-L-507	false	true	true
sodium-valid-508	true	true	true
sodium-S-plus-L-508	false	true	true
sodium-valid-509	true	true	true
sodium-S-plus-L-509	false	true	true
sodium-valid-510	true	true	true
sodium-S-plus-L-510	false	true	true
sodium-valid-511	true	true	true
sodium-S-plus-L-511	false	true	true
sodium-valid-512	true	true	true
sodium-S-plus-L-512	false	true	true
sodium-valid-513	true	true	true
sodium-S-plus-L-513	false	true	true
sodium-valid-514	true	true	true
sodium-S-plus-L-514	false	true	true
sodium-valid-515	true	true	true
sodium-S-plus-L-515	false	true	true
sodium-valid-516	true	true	true
sodium-S-plus-L-516	false	true	true
sodium-valid-517	true	true	true
sodium-S-plus-L-517	false	true	true
sodium-valid-518	true	true	true
sodium-S-plus-L-518	false	true	true
sodium-valid-519	true	true	true
sodium-S-plus-L-519	false	true	true
sodium-valid-520	true	true	true
sodium-S-plus-L-520	false	true	true
sodium-valid-521	true	true	true
sodium-S-plus-L-521	false	true	true
sodium-valid-522	true	true	true
sodium-S-plus-L-522	false	true	true
sodium-valid-523	true	true	true
sodium-S-plus-L-523	false	true	true
sodium-valid-524	true	true	true
sodium-S-plus-L-524	false	true	true
sodium-valid-525	true	true	true
sodium-S-plus-L-525	false	true	true
sodium-valid-526	true	true	true
sodium-S-plus-L-526	false	true	true
sodium-valid-527	true	true	true
sodium-S-plus-L-527	false	true	true
sodium-valid-528	true	true	true
sodium-S-plus-L-528	false	true	true
sodium-valid-529	true	true	true
sodium-S-plus-L-529	false	true	true
sodium-valid-530	true	true	true
sodium-S-plus-L-530	false	true	true
sodium-valid-531	true	true	true
sodium-S-plus-L-531	false	true	true
sodium-valid-532	true	true	true
sodium-S-plus-L-532	false	true	true
sodium-valid-533	true	true	true
sodium-S-plus-L-533	false	true	true
sodium-valid-534	true	true	true
sodium-S-plus-L-534	false	true	true
sodium-valid-535	true	true	true
sodium-S-plus-L-535	false	true	true
sodium-valid-536	true	true	true
sodium-S-plus-L-536	false	true	true
sodium-valid-537	true	true	true
sodium-S-plus-L-537	false	true	true
sodium-valid-538	true	true	true
sodium-S-plus-L-538	false	true	true
sodium-valid-539	true	true	true
sodium-S-plus-L-539	false	true	true
sodium-valid-540	true	true	true
sodium-S-plus-L-540	false	true	true
sodium-valid-541	true	true	true
sodium-S-plus-L-541	false	true	true
sodium-valid-542	true	true	true
sodium-S-plus-L-542	false	true	true
sodium-valid-543	true	true	true
sodium-S-plus-L-543	false	true	true
sodium-valid-544	true	true	true
sodium-S-plus-L-544	false	true	true
sodium-valid-545	true	true	true
sodium-S-plus-L-545	false	true	true
sodium-valid-546	true	true	true
sodium-S-plus-L-546	false	true	true
sodium-valid-547	true	true	true
sodium-S-plus-L-547	false	true	true
sodium-valid-548	true	true	true
sodium-S-plus-L-548	false	true	true
sodium-valid-549	true	true	true
sodium-S-plus-L-549	false	true	true
sodium-valid-550	true	true	true
sodium-S-plus-L-550	false	true	true
sodium-valid-551	true	true	true
sodium-S-plus-L-551	false	true	true
sodium-valid-552	true	true	true
sodium-S-plus-L-552	false	true	true
sodium-valid-553	true	true	true
sodium-S-plus-L-553	false	true	true
sodium-valid-554	true	true	true
sodium-S-plus-L-554	false	true	true
sodium-valid-555	true	true	true
sodium-S-plus-L-555	false	true	true
sodium-valid-556	true	true	true
sodium-S-plus-L-556	false	true	true
sodium-valid-557	true	true	true
sodium-S-plus-L-557	false	true	true
sodium-valid-558	true	true	true
sodium-S-plus-L-558	false	true	true
sodium-valid-559	true	true	true
sodium-S-plus-L-559	false	true	true
sodium-valid-560	true	true	true
sodium-S-plus-L-560	false	true	true
sodium-valid-561	true	true	true
sodium-S-plus-L-561	false	true	true
sodium-valid-562	true	true	true
sodium-S-plus-L-562	false	true	true
sodium-valid-563	true	true	true
sodium-S-plus-L-563	false	true	true
sodium-valid-564	true	true	true
sodium-S-plus-L-564	false	true	true
sodium-valid-565	true	true	true
sodium-S-plus-L-565	false	true	true
sodium-valid-566	true	true	true
sodium-S-plus-L-566	false	true	true
sodium-valid-567	true	true	true
sodium-S-plus-L-567	false	true	true
sodium-valid-568	true	true	true
sodium-S-plus-L-568	false	true	true
sodium-valid-569	true	true	true
sodium-S-plus-L-569	false	true	true
sodium-valid-570	true	true	true
sodium-S-plus-L-570	false	true	true
sodium-valid-571	true	true	true
sodium-S-plus-L-571	false	true	true
sodium-valid-572	true	true	true
sodium-S-plus-L-572	false	true	true
sodium-valid-573	true	true	true
sodium-S-plus-L-573	false	true	true
sodium-valid-574	true	true	true
sodium-S-plus-L-574	false	true	true
sodium-valid-575	true	true	true
sodium-S-plus-L-575	false	true	true
sodium-valid-576	true	true	true
sodium-S-plus-L-576	false	true	true
sodium-valid-577	true	true	true
sodium-S-plus-L-577	false	true	true
sodium-valid-578	true	true	true
sodium-S-plus-L-578	false	true	true
sodium-valid-579	true	true	true
sodium-S-plus-L-579	false	true	true
sodium-valid-580	true	true	true
sodium-S-plus-L-580	false	true	true
sodium-valid-581	true	true	true
sodium-S-plus-L-581	false	true	true
sodium-valid-582	true	true	true
sodium-S-plus-L-582	false	true	true
sodium-valid-583	true	true	true
sodium-S-plus-L-583	false	true	true
sodium-valid-584	true	true	true
sodium-S-plus-L-584	false	true	true
sodium-valid-585	true	true	true
sodium-S-plus-L-585	false	true	true
sodium-valid-586	true	true	true
sodium-S-plus-L-586	false	true	true
sodium-valid-587	true	true	true
sodium-S-plus-L-587	false	true	true
sodium-valid-588	true	true	true
sodium-S-plus-L-588	false	true	true
sodium-valid-589	true	true	true
sodium-S-plus-L-589	false	true	true
sodium-valid-590	true	true	true
sodium-S-plus-L-590	false	true	true
sodium-valid-591	true	true	true
sodium-S-plus-L-591	false	true	true
sodium-valid-592	true	true	true
sodium-S-plus-L-592	false	true	true
sodium-valid-593	true	true	true
sodium-S-plus-L-593	false	true	true
sodium-valid-594	true	true	true
sodium-S-plus-L-594	false	true	true
sodium-valid-595	true	true	true
sodium-S-plus-L-595	false	true	true
sodium-valid-596	true	true	true
sodium-S-plus-L-596	false	true	true
sodium-valid-597	true	true	true
sodium-S-plus-L-597	false	true	true
sodium-valid-598	true	true	true
sodium-S-plus-L-598	false	true	true
sodium-valid-599	true	true	true
sodium-S-plus-L-599	false	true	true
sodium-valid-600	true	true	true
sodium-S-plus-L-600	false	true	true
sodium-valid-601	true	true	true
sodium-S-plus-L-601	false	true	true
sodium-valid-602	true	true	true
sodium-S-plus-L-602	false	true	true
sodium-valid-603	true	true	true
sodium-S-plus-L-603	false	true	true
sodium-valid-604	true	true	true
sodium-S-plus-L-604	false	true	true
sodium-valid-605	true	true	true
sodium-S-plus-L-605	false	true	true
sodium-valid-606	true	true	true
sodium-S-plus-L-606	false	true	true
sodium-valid-607	true	true	true
sodium-S-plus-L-607	false	true	true
sodium-valid-608	true	true	true
sodium-S-plus-L-608	false	true	true
sodium-valid-609	true	true	true
sodium-S-plus-L-609	false	true	true
sodium-valid-610	true	true	true
sodium-S-plus-L-610	false	true	true
sodium-valid-611	true	true	true
sodium-S-plus-L-611	false	true	true
sodium-valid-612	true	true	true
sodium-S-plus-L-612	false	true	true
sodium-valid-613	true	true	true
sodium-S-plus-L-613	false	true	true
sodium-valid-614	true	true	true
sodium-S-plus-L-614	false	true	true
sodium-valid-615	true	true	true
sodium-S-plus-L-615	false	true	true
sodium-valid-616	true	true	true
sodium-S-plus-L-616	false	true	true
sodium-valid-617	true	true	true
sodium-S-plus-L-617	false	true	true
sodium-valid-618	true	true	true
sodium-S-plus-L-618	false	true	true
sodium-valid-619	true	true	true
sodium-S-plus-L-619	false	true	true
sodium-valid-620	true	true	true
sodium-S-plus-L-620	false	true	true
sodium-valid-621	true	true	true
sodium-S-plus-L-621	false	true	true
sodium-valid-622	true	true	true
sodium-S-plus-L-622	false	true	true
sodium-valid-623	true	true	true
sodium-S-plus-L-623	false	true	true
sodium-valid-624	true	true	true
sodium-S-plus-L-624	false	true	true
sodium-valid-625	true	true	true
sodium-S-plus-L-625	false	true	true
sodium-valid-626	true	true	true
sodium-S-plus-L-626	false	true	true
sodium-valid-627	true	true	true
sodium-S-plus-L-627	false	true	true
sodium-valid-628	true	true	true
sodium-S-plus-L-628	false	true	true
sodium-valid-629	true	true	true
sodium-S-plus-L-629	false	true	true
sodium-valid-630	true	true	true
sodium-S-plus-L-630	false	true	true
sodium-valid-631	true	true	true
sodium-S-plus-L-631	false	true	true
sodium-valid-632	true	true	true
sodium-S-plus-L-632	false	true	true
sodium-valid-633	true	true	true
sodium-S-plus-L-633	false	true	true
sodium-valid-634	true	true	true
sodium-S-plus-L-634	false	true	true
sodium-valid-635	true	true	true
sodium-S-plus-L-635	false	true	true
sodium-valid-636	true	true	true
sodium-S-plus-L-636	false	true	true
sodium-valid-637	true	true	true
sodium-S-plus-L-637	false	true	true
sodium-valid-638	true	true	true
sodium-S-plus-L-638	false	true	true
sodium-valid-639	true	true	true
sodium-S-plus-L-639	false	true	true
sodium-valid-640	true	true	true
sodium-S-plus-L-640	false	true	true
sodium-valid-641	true	true	true
sodium-S-plus-L-641	false	true	true
sodium-valid-642	true	true	true
sodium-S-plus-L-642	false	true	true
sodium-valid-643	true	true	true
sodium-S-plus-L-643	false	true	true
sodium-valid-644	true	true	true
sodium-S-plus-L-644	false	true	true
sodium-valid-645	true	true	true
sodium-S-plus-L-645	false	true	true
sodium-valid-646	true	true	true
sodium-S-plus-L-646	false	true	true
sodium-valid-647	true	true	true
sodium-S-plus-L-647	false	true	true
sodium-valid-648	true	true	true
sodium-S-plus-L-648	false	true	true
sodium-valid-649	true	true	true
sodium-S-plus-L-649	false	true	true
sodium-valid-650	true	true	true
sodium-S-plus-L-650	false	true	true
sodium-valid-651	true	true	true
sodium-S-plus-L-651	false	true	true
sodium-valid-652	true	true	true
sodium-S-plus-L-652	false	true	true
sodium-valid-653	true	true	true
sodium-S-plus-L-653	false	true	true
sodium-valid-654	true	true	true
sodium-S-plus-L-654	false	true	true
sodium-valid-655	true	true	true
sodium-S-plus-L-655	false	true	true
sodium-valid-656	true	true	true
sodium-S-plus-L-656	false	true	true
sodium-valid-657	true	true	true
sodium-S-plus-L-657	false	true	true
sodium-valid-658	true	true	true
sodium-S-plus-L-658	false	true	true
sodium-valid-659	true	true	true
sodium-S-plus-L-659	false	true	true
sodium-valid-660	true	true	true
sodium-S-plus-L-660	false	true	true
sodium-valid-661	true	true	true
sodium-S-plus-L-661	false	true	true
sodium-valid-662	true	true	true
sodium-S-plus-L-662	false	true	true
sodium-valid-663	true	true	true
sodium-S-plus-L-663	false	true	true
sodium-valid-664	true	true	true
sodium-S-plus-L-664	false	true	true
sodium-valid-665	true	true	true
sodium-S-plus-L-665	false	true	true
sodium-valid-666	true	true	true
sodium-S-plus-L-666	false	true	true
sodium-valid-667	true	true	true
sodium-S-plus-L-667	false	true	true
sodium-valid-668	true	true	true
sodium-S-plus-L-668	false	true	true
sodium-valid-669	true	true	true
sodium-S-plus-L-669	false	true	true
sodium-valid-670	true	true	true
sodium-S-plus-L-670	false	true	true
sodium-valid-671	true	true	true
sodium-S-plus-L-671	false	true	true
sodium-valid-672	true	true	true
sodium-S-plus-L-672	false	true	true
sodium-valid-673	true	true	true
sodium-S-plus-L-673	false	true	true
sodium-valid-674	true	true	true
sodium-S-plus-L-674	false	true	true
sodium-valid-675	true	true	true
sodium-S-plus-L-675	false	true	true
sodium-valid-676	true	true	true
sodium-S-plus-L-676	false	true	true
sodium-valid-677	true	true	true
sodium-S-plus-L-677	false	true	true
sodium-valid-678	true	true	true
sodium-S-plus-L-678	false	true	true
sodium-valid-679	true	true	true
sodium-S-plus-L-679	false	true	true
sodium-valid-680	true	true	true
sodium-S-plus-L-680	false	true	true
sodium-valid-681	true	true	true
sodium-S-plus-L-681	false	true	true
sodium-valid-682	true	true	true
sodium-S-plus-L-682	false	true	true
sodium-valid-683	true	true	true
sodium-S-plus-L-683	false	true	true
sodium-valid-684	true	true	true
sodium-S-plus-L-684	false	true	true
sodium-valid-685	true	true	true
sodium-S-plus-L-685	false	true	true
sodium-valid-686	true	true	true
sodium-S-plus-L-686	false	true	true
sodium-valid-687	true	true	true
sodium-S-plus-L-687	false	true	true
sodium-valid-688	true	true	true
sodium-S-plus-L-688	false	true	true
sodium-valid-689	true	true	true
sodium-S-plus-L-689	false	true	true
sodium-valid-690	true	true	true
sodium-S-plus-L-690	false	true	true
sodium-valid-691	true	true	true
sodium-S-plus-L-691	false	true	true
sodium-valid-692	true	true	true
sodium-S-plus-L-692	false	true	true
sodium-valid-693	true	true	true
sodium-S-plus-L-693	false	true	true
sodium-valid-694	true	true	true
sodium-S-plus-L-694	false	true	true
sodium-valid-695	true	true	true
sodium-S-plus-L-695	false	true	true
sodium-valid-696	true	true	true
sodium-S-plus-L-696	false	true	true
sodium-valid-697	true	true	true
sodium-S-plus-L-697	false	true	true
sodium-valid-698	true	true	true
sodium-S-plus-L-698	false	true	true
sodium-valid-699	true	true	true
sodium-S-plus-L-699	false	true	true
sodium-valid-700	true	true	true
sodium-S-plus-L-700	false	true	true
sodium-valid-701	true	true	true
sodium-S-plus-L-701	false	true	true
sodium-valid-702	true	true	true
sodium-S-plus-L-702	false	true	true
sodium-valid-703	true	true	true
sodium-S-plus-L-703	false	true	true
sodium-valid-704	true	true	true
sodium-S-plus-L-704	false	true	true
sodium-valid-705	true	true	true
sodium-S-plus-L-705	false	true	true
sodium-valid-706	true	true	true
sodium-S-plus-L-706	false	true	true
sodium-valid-707	true	true	true
sodium-S-plus-L-707	false	true	true
sodium-valid-708	true	true	true
sodium-S-plus-L-708	false	true	true
sodium-valid-709	true	true	true
sodium-S-plus-L-709	false	true	true
sodium-valid-710	true	true	true
sodium-S-plus-L-710	false	true	true
sodium-valid-711	true	true	true
sodium-S-plus-L-711	false	true	true
sodium-valid-712	true	true	true
sodium-S-plus-L-712	false	true	true
sodium-valid-713	true	true	true
sodium-S-plus-L-713	false	true	true
sodium-valid-714	true	true	true
sodium-S-plus-L-714	false	true	true
sodium-valid-715	true	true	true
sodium-S-plus-L-715	false	true	true
sodium-valid-716	true	true	true
sodium-S-plus-L-716	false	true	true
sodium-valid-717	true	true	true
sodium-S-plus-L-717	false	true	true
sodium-valid-718	true	true	true
sodium-S-plus-L-718	false	true	true
sodium-valid-719	true	true	true
sodium-S-plus-L-719	false	true	true
sodium-valid-720	true	true	true
sodium-S-plus-L-720	false	true	true
sodium-valid-721	true	true	true
sodium-S-plus-L-721	false	true	true
sodium-valid-722	true	true	true
sodium-S-plus-L-722	false	true	true
sodium-valid-723	true	true	true
sodium-S-plus-L-723	false	true	true
sodium-valid-724	true	true	true
sodium-S-plus-L-724	false	true	true
sodium-valid-725	true	true	true
sodium-S-plus-L-725	false	true	true
sodium-valid-726	true	true	true
sodium-S-plus-L-726	false	true	true
sodium-valid-727	true	true	true
sodium-S-plus-L-727	false	true	true
sodium-valid-728	true	true	true
sodium-S-plus-L-728	false	true	true
sodium-valid-729	true	true	true
sodium-S-plus-L-729	false	true	true
sodium-valid-730	true	true	true
sodium-S-plus-L-730	false	true	true
sodium-valid-731	true	true	true
sodium-S-plus-L-731	false	true	true
sodium-valid-732	true	true	true
sodium-S-plus-L-732	false	true	true
sodium-valid-733	true	true	true
sodium-S-plus-L-733	false	true	true
sodium-valid-734	true	true	true
sodium-S-plus-L-734	false	true	true
sodium-valid-735	true	true	true
sodium-S-plus-L-735	false	true	true
sodium-valid-736	true	true	true
sodium-S-plus-L-736	false	true	true
sodium-valid-737	true	true	true
sodium-S-plus-L-737	false	true	true
sodium-valid-738	true	true	true
sodium-S-plus-L-738	false	true	true
sodium-valid-739	true	true	true
sodium-S-plus-L-739	false	true	true
sodium-valid-740	true	true	true
sodium-S-plus-L-740	false	true	true
sodium-valid-741	true	true	true
sodium-S-plus-L-741	false	true	true
sodium-valid-742	true	true	true
sodium-S-plus-L-742	false	true	true
sodium-valid-743	true	true	true
sodium-S-plus-L-743	false	true	true
sodium-valid-744	true	true	true
sodium-S-plus-L-744	false	true	true
sodium-valid-745	true	true	true
sodium-S-plus-L-745	false	true	true
sodium-valid-746	true	true	true
sodium-S-plus-L-746	false	true	true
sodium-valid-747	true	true	true
sodium-S-plus-L-747	false	true	true
sodium-valid-748	true	true	true
sodium-S-plus-L-748	false	true	true
sodium-valid-749	true	true	true
sodium-S-plus-L-749	false	true	true
sodium-valid-750	true	true	true
sodium-S-plus-L-750	false	true	true
sodium-valid-751	true	true	true
sodium-S-plus-L-751	false	true	true
sodium-valid-752	true	true	true
sodium-S-plus-L-752	false	true	true
sodium-valid-753	true	true	true
sodium-S-plus-L-753	false	true	true
sodium-valid-754	true	true	true
sodium-S-plus-L-754	false	true	true
sodium-valid-755	true	true	true
sodium-S-plus-L-755	false	true	true
sodium-valid-756	true	true	true
sodium-S-plus-L-756	false	true	true
sodium-valid-757	true	true	true
sodium-S-plus-L-757	false	true	true
sodium-valid-758	true	true	true
sodium-S-plus-L-758	false	true	true
sodium-valid-759	true	true	true
sodium-S-plus-L-759	false	true	true
sodium-valid-760	true	true	true
sodium-S-plus-L-760	false	true	true
sodium-valid-761	true	true	true
sodium-S-plus-L-761	false	true	true
sodium-valid-762	true	true	true
sodium-S-plus-L-762	false	true	true
sodium-valid-763	true	true	true
sodium-S-plus-L-763	false	true	true
sodium-valid-764	true	true	true
sodium-S-plus-L-764	false	true	true
sodium-valid-765	true	true	true
sodium-S-plus-L-765	false	true	true
sodium-valid-766	true	true	true
sodium-S-plus-L-766	false	true	true
sodium-valid-767	true	true	true
sodium-S-plus-L-767	false	true	true
sodium-valid-768	true	true	true
sodium-S-plus-L-768	false	true	true
sodium-valid-769	true	true	true
sodium-S-plus-L-769	false	true	true
sodium-valid-770	true	true	true
sodium-S-plus-L-770	false	true	true
sodium-valid-771	true	true	true
sodium-S-plus-L-771	false	true	true
sodium-valid-772	true	true	true
sodium-S-plus-L-772	false	true	true
sodium-valid-773	true	true	true
sodium-S-plus-L-773	false	true	true
sodium-valid-774	true	true	true
sodium-S-plus-L-774	false	true	true
sodium-valid-775	true	true	true
sodium-S-plus-L-775	false	true	true
sodium-valid-776	true	true	true
sodium-S-plus-L-776	false	true	true
sodium-valid-777	true	true	true
sodium-S-plus-L-777	false	true	true
sodium-valid-778	true	true	true
sodium-S-plus-L-778	false	true	true
sodium-valid-779	true	true	true
sodium-S-plus-L-779	false	true	true
sodium-valid-780	true	true	true
sodium-S-plus-L-780	false	true	true
sodium-valid-781	true	true	true
sodium-S-plus-L-781	false	true	true
sodium-valid-782	true	true	true
sodium-S-plus-L-782	false	true	true
sodium-valid-783	true	true	true
sodium-S-plus-L-783	false	true	true
sodium-valid-784	true	true	true
sodium-S-plus-L-784	false	true	true
sodium-valid-785	true	true	true
sodium-S-plus-L-785	false	true	true
sodium-valid-786	true	true	true
sodium-S-plus-L-786	false	true	true
sodium-valid-787	true	true	true
sodium-S-plus-L-787	false	true	true
sodium-valid-788	true	true	true
sodium-S-plus-L-788	false	true	true
sodium-valid-789	true	true	true
sodium-S-plus-L-789	false	true	true
sodium-valid-790	true	true	true
sodium-S-plus-L-790	false	true	true
sodium-valid-791	true	true	true
sodium-S-plus-L-791	false	true	true
sodium-valid-792	true	true	true
sodium-S-plus-L-792	false	true	true
sodium-valid-793	true	true	true
sodium-S-plus-L-793	false	true	true
sodium-valid-794	true	true	true
sodium-S-plus-L-794	false	true	true
sodium-valid-795	true	true	true
sodium-S-plus-L-795	false	true	true
sodium-valid-796	true	true	true
sodium-S-plus-L-796	false	true	true
sodium-valid-797	true	true	true
sodium-S-plus-L-797	false	true	true
sodium-valid-798	true	true	true
sodium-S-plus-L-798	false	true	true
sodium-valid-799	true	true	true
sodium-S-plus-L-799	false	true	true
sodium-valid-800	true	true	true
sodium-S-plus-L-800	false	true	true
sodium-valid-801	true	true	true
sodium-S-plus-L-801	false	true	true
sodium-valid-802	true	true	true
sodium-S-plus-L-802	false	true	true
sodium-valid-803	true	true	true
sodium-S-plus-L-803	false	true	true
sodium-valid-804	true	true	true
sodium-S-plus-L-804	false	true	true
sodium-valid-805	true	true	true
sodium-S-plus-L-805	false	true	true
sodium-valid-806	true	true	true
sodium-S-plus-L-806	false	true	true
sodium-valid-807	true	true	true
sodium-S-plus-L-807	false	true	true
sodium-valid-808	true	true	true
sodium-S-plus-L-808	false	true	true
sodium-valid-809	true	true	true
sodium-S-plus-L-809	false	true	true
sodium-valid-810	true	true	true
sodium-S-plus-L-810	false	true	true
sodium-valid-811	true	true	true
sodium-S-plus-L-811	false	true	true
sodium-valid-812	true	true	true
sodium-S-plus-L-812	false	true	true
sodium-valid-813	true	true	true
sodium-S-plus-L-813	false	true	true
sodium-valid-814	true	true	true
sodium-S-plus-L-814	false	true	true
sodium-valid-815	true	true	true
sodium-S-plus-L-815	false	true	true
sodium-valid-816	true	true	true
sodium-S-plus-L-816	false	true	true
sodium-valid-817	true	true	true
sodium-S-plus-L-817	false	true	true
sodium-valid-818	true	true	true
sodium-S-plus-L-818	false	true	true
sodium-valid-819	true	true	true
sodium-S-plus-L-819	false	true	true
sodium-valid-820	true	true	true
sodium-S-plus-L-820	false	true	true
sodium-valid-821	true	true	true
sodium-S-plus-L-821	false	true	true
sodium-valid-822	true	true	true
sodium-S-plus-L-822	false	true	true
sodium-valid-823	true	true	true
sodium-S-plus-L-823	false	true	true
sodium-valid-824	true	true	true
sodium-S-plus-L-824	false	true	true
sodium-valid-825	true	true	true
sodium-S-plus-L-825	false	true	true
sodium-valid-826	true	true	true
sodium-S-plus-L-826	false	true	true
sodium-valid-827	true	true	true
sodium-S-plus-L-827	false	true	true
sodium-valid-828	true	true	true
sodium-S-plus-L-828	false	true	true
sodium-valid-829	true	true	true
sodium-S-plus-L-829	false	true	true
sodium-valid-830	true	true	true
sodium-S-plus-L-830	false	true	true
sodium-valid-831	true	true	true
sodium-S-plus-L-831	false	true	true
sodium-valid-832	true	true	true
sodium-S-plus-L-832	false	true	true
sodium-valid-833	true	true	true
sodium-S-plus-L-833	false	true	true
sodium-valid-834	true	true	true
sodium-S-plus-L-834	false	true	true
sodium-valid-835	true	true	true
sodium-S-plus-L-835	false	true	true
sodium-valid-836	true	true	true
sodium-S-plus-L-836	false	true	true
sodium-valid-837	true	true	true
sodium-S-plus-L-837	false	true	true
sodium-valid-838	true	true	true
sodium-S-plus-L-838	false	true	true
sodium-valid-839	true	true	true
sodium-S-plus-L-839	false	true	true
sodium-valid-840	true	true	true
sodium-S-plus-L-840	false	true	true
sodium-valid-841	true	true	true
sodium-S-plus-L-841	false	true	true
sodium-valid-842	true	true	true
sodium-S-plus-L-842	false	true	true
sodium-valid-843	true	true	true
sodium-S-plus-L-843	false	true	true
sodium-valid-844	true	true	true
sodium-S-plus-L-844	false	true	true
sodium-valid-845	true	true	true
sodium-S-plus-L-845	false	true	true
sodium-valid-846	true	true	true
sodium-S-plus-L-846	false	true	true
sodium-valid-847	true	true	true
sodium-S-plus-L-847	false	true	true
sodium-valid-848	true	true	true
sodium-S-plus-L-848	false	true	true
sodium-valid-849	true	true	true
sodium-S-plus-L-849	false	true	true
sodium-valid-850	true	true	true
sodium-S-plus-L-850	false	true	true
sodium-valid-851	true	true	true
sodium-S-plus-L-851	false	true	true
sodium-valid-852	true	true	true
sodium-S-plus-L-852	false	true	true
sodium-valid-853	true	true	true
sodium-S-plus-L-853	false	true	true
sodium-valid-854	true	true	true
sodium-S-plus-L-854	false	true	true
sodium-valid-855	true	true	true
sodium-S-plus-L-855	false	true	true
sodium-valid-856	true	true	true
sodium-S-plus-L-856	false	true	true
sodium-valid-857	true	true	true
sodium-S-plus-L-857	false	true	true
sodium-valid-858	true	true	true
sodium-S-plus-L-858	false	true	true
sodium-valid-859	true	true	true
sodium-S-plus-L-859	false	true	true
sodium-valid-860	true	true	true
sodium-S-plus-L-860	false	true	true
sodium-valid-861	true	true	true
sodium-S-plus-L-861	false	true	true
sodium-valid-862	true	true	true
sodium-S-plus-L-862	false	true	true
sodium-valid-863	true	true	true
sodium-S-plus-L-863	false	true	true
sodium-valid-864	true	true	true
sodium-S-plus-L-864	false	true	true
sodium-valid-865	true	true	true
sodium-S-plus-L-865	false	true	true
sodium-valid-866	true	true	true
sodium-S-plus-L-866	false	true	true
sodium-valid-867	true	true	true
sodium-S-plus-L-867	false	true	true
sodium-valid-868	true	true	true
sodium-S-plus-L-868	false	true	true
sodium-valid-869	true	true	true
sodium-S-plus-L-869	false	true	true
sodium-valid-870	true	true	true
sodium-S-plus-L-870	false	true	true
sodium-valid-871	true	true	true
sodium-S-plus-L-871	false	true	true
sodium-valid-872	true	true	true
sodium-S-plus-L-872	false	true	true
sodium-valid-873	true	true	true
sodium-S-plus-L-873	false	true	true
sodium-valid-874	true	true	true
sodium-S-plus-L-874	false	true	true
sodium-valid-875	true	true	true
sodium-S-plus-L-875	false	true	true
sodium-valid-876	true	true	true
sodium-S-plus-L-876	false	true	true
sodium-valid-877	true	true	true
sodium-S-plus-L-877	false	true	true
sodium-valid-878	true	true	true
sodium-S-plus-L-878	false	true	true
sodium-valid-879	true	true	true
sodium-S-plus-L-879	false	true	true
sodium-valid-880	true	true	true
sodium-S-plus-L-880	false	true	true
sodium-valid-881	true	true	true
sodium-S-plus-L-881	false	true	true
sodium-valid-882	true	true	true
sodium-S-plus-L-882	false	true	true
sodium-valid-883	true	true	true
sodium-S-plus-L-883	false	true	true
sodium-valid-884	true	true	true
sodium-S-plus-L-884	false	true	true
sodium-valid-885	true	true	true
sodium-S-plus-L-885	false	true	true
sodium-valid-886	true	true	true
sodium-S-plus-L-886	false	true	true
sodium-valid-887	true	true	true
sodium-S-plus-L-887	false	true	true
sodium-valid-888	true	true	true
sodium-S-plus-L-888	false	true	true
sodium-valid-889	true	true	true
sodium-S-plus-L-889	false	true	true
sodium-valid-890	true	true	true
sodium-S-plus-L-890	false	true	true
sodium-valid-891	true	true	true
sodium-S-plus-L-891	false	true	true
sodium-valid-892	true	true	true
sodium-S-plus-L-892	false	true	true
sodium-valid-893	true	true	true
sodium-S-plus-L-893	false	true	true
sodium-valid-894	true	true	true
sodium-S-plus-L-894	false	true	true
sodium-valid-895	true	true	true
sodium-S-plus-L-895	false	true	true
sodium-valid-896	true	true	true
sodium-S-plus-L-896	false	true	true
sodium-valid-897	true	true	true
sodium-S-plus-L-897	false	true	true
sodium-valid-898	true	true	true
sodium-S-plus-L-898	false	true	true
sodium-valid-899	true	true	true
sodium-S-plus-L-899	false	true	true
sodium-valid-900	true	true	true
sodium-S-plus-L-900	false	true	true
sodium-valid-901	true	true	true
sodium-S-plus-L-901	false	true	true
sodium-valid-902	true	true	true
sodium-S-plus-L-902	false	true	true
sodium-valid-903	true	true	true
sodium-S-plus-L-903	false	true	true
sodium-valid-904	true	true	true
sodium-S-plus-L-904	false	true	true
sodium-valid-905	true	true	true
sodium-S-plus-L-905	false	true	true
sodium-valid-906	true	true	true
sodium-S-plus-L-906	false	true	true
sodium-valid-907	true	true	true
sodium-S-plus-L-907	false	true	true
sodium-valid-908	true	true	true
sodium-S-plus-L-908	false	true	true
sodium-valid-909	true	true	true
sodium-S-plus-L-909	false	true	true
sodium-valid-910	true	true	true
sodium-S-plus-L-910	false	true	true
sodium-valid-911	true	true	true
sodium-S-plus-L-911	false	true	true
sodium-valid-912	true	true	true
sodium-S-plus-L-912	false	true	true
sodium-valid-913	true	true	true
sodium-S-plus-L-913	false	true	true
sodium-valid-914	true	true	true
sodium-S-plus-L-914	false	true	true
sodium-valid-915	true	true	true
sodium-S-plus-L-915	false	true	true
sodium-valid-916	true	true	true
sodium-S-plus-L-916	false	true	true
sodium-valid-917	true	true	true
sodium-S-plus-L-917	false	true	true
sodium-valid-918	true	true	true
sodium-S-plus-L-918	false	true	true
sodium-valid-919	true	true	true
sodium-S-plus-L-919	false	true	true
sodium-valid-920	true	true	true
sodium-S-plus-L-920	false	true	true
sodium-valid-921	true	true	true
sodium-S-plus-L-921	false	true	true
sodium-valid-922	true	true	true
sodium-S-plus-L-922	false	true	true
sodium-valid-923	true	true	true
sodium-S-plus-L-923	false	true	true
sodium-valid-924	true	true	true
sodium-S-plus-L-924	false	true	true
sodium-valid-925	true	true	true
sodium-S-plus-L-925	false	true	true
sodium-valid-926	true	true	true
sodium-S-plus-L-926	false	true	true
sodium-valid-927	true	true	true
sodium-S-plus-L-927	false	true	true
sodium-valid-928	true	true	true
sodium-S-plus-L-928	false	true	true
sodium-valid-929	true	true	true
sodium-S-plus-L-929	false	true	true
sodium-valid-930	true	true	true
sodium-S-plus-L-930	false	true	true
sodium-valid-931	true	true	true
sodium-S-plus-L-931	false	true	true
sodium-valid-932	true	true	true
sodium-S-plus-L-932	false	true	true
sodium-valid-933	true	true	true
sodium-S-plus-L-933	false	true	true
sodium-valid-934	true	true	true
sodium-S-plus-L-934	false	true	true
sodium-valid-935	true	true	true
sodium-S-plus-L-935	false	true	true
sodium-valid-936	true	true	true
sodium-S-plus-L-936	false	true	true
sodium-valid-937	true	true	true
sodium-S-plus-L-937	false	true	true
sodium-valid-938	true	true	true
sodium-S-plus-L-938	false	true	true
sodium-valid-939	true	true	true
sodium-S-plus-L-939	false	true	true
sodium-valid-940	true	true	true
sodium-S-plus-L-940	false	true	true
sodium-valid-941	true	true	true
sodium-S-plus-L-941	false	true	true
sodium-valid-942	true	true	true
sodium-S-plus-L-942	false	true	true
sodium-valid-943	true	true	true
sodium-S-plus-L-943	false	true	true
sodium-valid-944	true	true	true
sodium-S-plus-L-944	false	true	true
sodium-valid-945	true	true	true
sodium-S-plus-L-945	false	true	true
sodium-valid-946	true	true	true
sodium-S-plus-L-946	false	true	true
sodium-valid-947	true	true	true
sodium-S-plus-L-947	false	true	true
sodium-valid-948	true	true	true
sodium-S-plus-L-948	false	true	true
sodium-valid-949	true	true	true
sodium-S-plus-L-949	false	true	true
sodium-valid-950	true	true	true
sodium-S-plus-L-950	false	true	true
sodium-valid-951	true	true	true
sodium-S-plus-L-951	false	true	true
sodium-valid-952	true	true	true
sodium-S-plus-L-952	false	true	true
sodium-valid-953	true	true	true
sodium-S-plus-L-953	false	true	true
sodium-valid-954	true	true	true
sodium-S-plus-L-954	false	true	true
sodium-valid-955	true	true	true
sodium-S-plus-L-955	false	true	true
sodium-valid-956	true	true	true
sodium-S-plus-L-956	false	true	true
sodium-valid-957	true	true	true
sodium-S-plus-L-957	false	true	true
sodium-valid-958	true	true	true
sodium-S-plus-L-958	false	true	true
sodium-valid-959	true	true	true
sodium-S-plus-L-959	false	true	true
sodium-valid-960	true	true	true
sodium-S-plus-L-960	false	true	true
sodium-valid-961	true	true	true
sodium-S-plus-L-961	false	true	true
sodium-valid-962	true	true	true
sodium-S-plus-L-962	false	true	true
sodium-valid-963	true	true	true
sodium-S-plus-L-963	false	true	true
sodium-valid-964	true	true	true
sodium-S-plus-L-964	false	true	true
sodium-valid-965	true	true	true
sodium-S-plus-L-965	false	true	true
sodium-valid-966	true	true	true
sodium-S-plus-L-966	false	true	true
sodium-valid-967	true	true	true
sodium-S-plus-L-967	false	true	true
sodium-valid-968	true	true	true
sodium-S-plus-L-968	false	true	true
sodium-valid-969	true	true	true
sodium-S-plus-L-969	false	true	true
sodium-valid-970	true	true	true
sodium-S-plus-L-970	false	true	true
sodium-valid-971	true	true	true
sodium-S-plus-L-971	false	true	true
sodium-valid-972	true	true	true
sodium-S-plus-L-972	false	true	true
sodium-valid-973	true	true	true
sodium-S-plus-L-973	false	true	true
sodium-valid-974	true	true	true
sodium-S-plus-L-974	false	true	true
sodium-valid-975	true	true	true
sodium-S-plus-L-975	false	true	true
sodium-valid-976	true	true	true
sodium-S-plus-L-976	false	true	true
sodium-valid-977	true	true	true
sodium-S-plus-L-977	false	true	true
sodium-valid-978	true	true	true
sodium-S-plus-L-978	false	true	true
sodium-valid-979	true	true	true
sodium-S-plus-L-979	false	true	true
sodium-valid-980	true	true	true
sodium-S-plus-L-980	false	true	true
sodium-valid-981	true	true	true
sodium-S-plus-L-981	false	true	true
sodium-valid-982	true	true	true
sodium-S-plus-L-982	false	true	true
sodium-valid-983	true	true	true
sodium-S-plus-L-983	false	true	true
sodium-valid-984	true	true	true
sodium-S-plus-L-984	false	true	true
sodium-valid-985	true	true	true
sodium-S-plus-L-985	false	true	true
sodium-valid-986	true	true	true
sodium-S-plus-L-986	false	true	true
sodium-valid-987	true	true	true
sodium-S-plus-L-987	false	true	true
sodium-valid-988	true	true	true
sodium-S-plus-L-988	false	true	true
sodium-valid-989	true	true	true
sodium-S-plus-L-989	false	true	true
sodium-valid-990	true	true	true
sodium-S-plus-L-990	false	true	true
sodium-valid-991	true	true	true
sodium-S-plus-L-991	false	true	true
sodium-valid-992	true	true	true
sodium-S-plus-L-992	false	true	true
sodium-valid-993	true	true	true
sodium-S-plus-L-993	false	true	true
sodium-valid-994	true	true	true
sodium-S-plus-L-994	false	true	true
sodium-valid-995	true	true	true
sodium-S-plus-L-995	false	true	true
sodium-valid-996	true	true	true
sodium-S-plus-L-996	false	true	true
sodium-valid-997	true	true	true
sodium-S-plus-L-997	false	true	true
sodium-valid-998	true	true	true
sodium-S-plus-L-998	false	true	true
sodium-valid-999	true	true	true
sodium-S-plus-L-999	false	true	true
sodium-valid-1000	true	true	true
sodium-S-plus-L-1000	false	true	true
sodium-valid-1001	true	true	true
sodium-S-plus-L-1001	false	true	true
sodium-valid-1002	true	true	true
sodium-S-plus-L-1002	false	true	true
sodium-valid-1003	true	true	true
sodium-S-plus-L-1003	false	true	true
sodium-valid-1004	true	true	true
sodium-S-plus-L-1004	false	true	true
sodium-valid-1005	true	true	true
sodium-S-plus-L-1005	false	true	true
sodium-valid-1006	true	true	true
sodium-S-plus-L-1006	false	true	true
sodium-valid-1007	true	true	true
sodium-S-plus-L-1007	false	true	true
sodium-valid-1008	true	true	true
sodium-S-plus-L-1008	false	true	true
sodium-valid-1009	true	true	true
sodium-S-plus-L-1009	false	true	true
sodium-valid-1010	true	true	true
sodium-S-plus-L-1010	false	true	true
sodium-valid-1011	true	true	true
sodium-S-plus-L-1011	false	true	true
sodium-valid-1012	true	true	true
sodium-S-plus-L-1012	false	true	true
sodium-valid-1013	true	true	true
sodium-S-plus-L-1013	false	true	true
sodium-valid-1014	true	true	true
sodium-S-plus-L-1014	false	true	true
sodium-valid-1015	true	true	true
sodium-S-plus-L-1015	false	true	true
sodium-valid-1016	true	true	true
sodium-S-plus-L-1016	false	true	true
sodium-valid-1017	true	true	true
sodium-S-plus-L-1017	false	true	true
sodium-valid-1018	true	true	true
sodium-S-plus-L-1018	false	true	true
sodium-valid-1019	true	true	true
sodium-S-plus-L-1019	false	true	true
sodium-valid-1020	true	true	true
sodium-S-plus-L-1020	false	true	true
sodium-valid-1021	true	true	true
sodium-S-plus-L-1021	false	true	true
sodium-valid-1022	true	true	true
sodium-S-plus-L-1022	false	true	true
sodium-valid-1023	true	true	true
sodium-S-plus-L-1023	false	true	true
speccheck-0	false	false	false
speccheck-1	false	false	false
speccheck-2	true	false	false
speccheck-3	true	false	false
speccheck-4	true	false	false
speccheck-5	true	false	true
speccheck-6	false	true	true
speccheck-7	false	true	true
speccheck-8	false	false	false
speccheck-9	false	false	false
speccheck-10	false	false	false
speccheck-11	false	false	false
wycheproof-1	true	true	true
wycheproof-2	true	true	true
wycheproof-3	true	true	true
wycheproof-4	true	true	true
wycheproof-5	true	true	true
wycheproof-6	true	true	true
wycheproof-7	true	true	true
wycheproof-8	true	true	true
wycheproof-9	true	true	true
wycheproof-10	false	true	false
wycheproof-11	false	true	false
wycheproof-12	false	true	false
wycheproof-13	false	true	false
wycheproof-14	false	true	false
wycheproof-15	false	true	false
wycheproof-16	false	true	false
wycheproof-17	false	true	false
wycheproof-18	false	true	false
wycheproof-19	false	true	false
wycheproof-20	false	true	false
wycheproof-21	false	true	false
wycheproof-22	false	true	false
wycheproof-23	false	true	false
wycheproof-24	false	true	false
wycheproof-25	false	true	false
wycheproof-26	false	true	false
wycheproof-27	false	true	false
wycheproof-28	false	true	false
wycheproof-29	false	true	false
wycheproof-30	MalformedLength
wycheproof-31	MalformedLength
wycheproof-32	MalformedLength
wycheproof-33	MalformedLength
wycheproof-34	MalformedLength
wycheproof-35	MalformedLength
wycheproof-36	MalformedLength
wycheproof-37	MalformedLength
wycheproof-38	MalformedLength
wycheproof-39	MalformedLength
wycheproof-40	MalformedLength
wycheproof-41	MalformedLength
wycheproof-42	false	true	false
wycheproof-43	false	true	false
wycheproof-44	false	true	true
wycheproof-45	false	true	false
wycheproof-46	false	true	false
wycheproof-47	false	true	false
wycheproof-48	false	true	true
wycheproof-49	false	true	false
wycheproof-50	false	true	false
wycheproof-51	false	true	false
wycheproof-52	false	true	false
wycheproof-53	false	true	false
wycheproof-54	false	true	false
wycheproof-55	false	true	false
wycheproof-56	false	true	true
wycheproof-57	false	true	false
wycheproof-58	false	true	false
wycheproof-59	false	true	true
wycheproof-60	false	true	false
wycheproof-61	false	true	false
wycheproof-62	false	true	false
wycheproof-63	false	true	true
wycheproof-64	false	true	true
wycheproof-65	false	true	true
wycheproof-66	false	true	true
wycheproof-67	false	true	true
wycheproof-68	false	true	true
wycheproof-69	false	true	true
wycheproof-70	false	true	true
wycheproof-71	true	true	true
wycheproof-72	true	true	true
wycheproof-73	true	true	true
wycheproof-74	true	true	true
wycheproof-75	true	true	true
wycheproof-76	true	true	true
wycheproof-77	true	true	true
wycheproof-78	true	true	true
wycheproof-79	true	true	true
wycheproof-80	true	true	true
wycheproof-81	true	true	true
wycheproof-82	true	true	true
wycheproof-83	true	true	true
wycheproof-84	true	true	true
wycheproof-85	false	true	true
wycheproof-86	true	true	true
wycheproof-87	true	true	true
wycheproof-88	true	true	true
wycheproof-89	true	true	true
wycheproof-90	true	true	true
wycheproof-91	true	true	true
wycheproof-92	true	true	true
wycheproof-93	true	true	true
wycheproof-94	true	true	true
wycheproof-95	true	true	true
wycheproof-96	true	true	true
wycheproof-97	true	true	true
wycheproof-98	true	true	true
wycheproof-99	true	true	true
wycheproof-100	true	true	true
wycheproof-101	true	true	true
wycheproof-102	true	true	true
wycheproof-103	true	true	true
wycheproof-104	true	true	true
wycheproof-105	true	true	true
wycheproof-106	true	true	true
wycheproof-107	true	true	true
wycheproof-108	true	true	true
wycheproof-109	true	true	true
wycheproof-110	true	true	true
wycheproof-111	true	true	true
wycheproof-112	true	true	true
wycheproof-113	true	true	true
wycheproof-114	true	true	true
wycheproof-115	true	true	true
wycheproof-116	true	true	true
wycheproof-117	true	true	true
wycheproof-118	true	true	true
wycheproof-119	true	true	true
wycheproof-120	true	true	true
wycheproof-121	true	true	true
wycheproof-122	true	true	true
wycheproof-123	true	true	true
wycheproof-124	true	true	true
wycheproof-125	true	true	true
wycheproof-126	true	true	true
wycheproof-127	true	true	true
wycheproof-128	true	true	true
wycheproof-129	true	true	true
wycheproof-130	true	true	true
wycheproof-131	true	true	true
wycheproof-132	true	true	true
wycheproof-133	true	true	true
wycheproof-134	true	true	true
wycheproof-135	true	true	true
wycheproof-136	true	true	true
wycheproof-137	true	true	true
wycheproof-138	true	true	true
wycheproof-139	true	true	true
wycheproof-140	true	true	true
wycheproof-141	true	true	true
wycheproof-142	true	true	true
wycheproof-143	true	true	true
wycheproof-144	true	true	true
wycheproof-145	true	true	true
wycheproof-146	true	true	true
wycheproof-147	true	true	true
wycheproof-148	true	true	true
wycheproof-149	true	true	true
wycheproof-150	true	true	true
wycheproof-151	false	true	false
amaru-shelley-fixture-event-1-witness-0	true	true	true
amaru-shelley-fixture-event-2-witness-0	true	true	true
amaru-shelley-fixture-event-2-witness-1	true	true	true
amaru-value-fixture-event-1-witness-0	true	true	true
amaru-value-fixture-event-1-witness-1	true	true	true
amaru-value-fixture-event-2-witness-0	true	true	true
amaru-value-fixture-event-2-witness-1	true	true	true
amaru-value-fixture-event-2-witness-2	true	true	true
