sodium-valid-0	true
sodium-S-plus-L-0	false
sodium-valid-1	true
sodium-S-plus-L-1	false
sodium-valid-2	true
sodium-S-plus-L-2	false
sodium-valid-3	true
sodium-S-plus-L-3	false
sodium-valid-4	true
sodium-S-plus-L-4	false
sodium-valid-5	true
sodium-S-plus-L-5	false
sodium-valid-6	true
sodium-S-plus-L-6	false
sodium-valid-7	true
sodium-S-plus-L-7	false
sodium-valid-8	true
sodium-S-plus-L-8	false
sodium-valid-9	true
sodium-S-plus-L-9	false
sodium-valid-10	true
sodium-S-plus-L-10	false
sodium-valid-11	true
sodium-S-plus-L-11	false
sodium-valid-12	true
sodium-S-plus-L-12	false
sodium-valid-13	true
sodium-S-plus-L-13	false
sodium-valid-14	true
sodium-S-plus-L-14	false
sodium-valid-15	true
sodium-S-plus-L-15	false
sodium-valid-16	true
sodium-S-plus-L-16	false
sodium-valid-17	true
sodium-S-plus-L-17	false
sodium-valid-18	true
sodium-S-plus-L-18	false
sodium-valid-19	true
sodium-S-plus-L-19	false
sodium-valid-20	true
sodium-S-plus-L-20	false
sodium-valid-21	true
sodium-S-plus-L-21	false
sodium-valid-22	true
sodium-S-plus-L-22	false
sodium-valid-23	true
sodium-S-plus-L-23	false
sodium-valid-24	true
sodium-S-plus-L-24	false
sodium-valid-25	true
sodium-S-plus-L-25	false
sodium-valid-26	true
sodium-S-plus-L-26	false
sodium-valid-27	true
sodium-S-plus-L-27	false
sodium-valid-28	true
sodium-S-plus-L-28	false
sodium-valid-29	true
sodium-S-plus-L-29	false
sodium-valid-30	true
sodium-S-plus-L-30	false
sodium-valid-31	true
sodium-S-plus-L-31	false
sodium-valid-32	true
sodium-S-plus-L-32	false
sodium-valid-33	true
sodium-S-plus-L-33	false
sodium-valid-34	true
sodium-S-plus-L-34	false
sodium-valid-35	true
sodium-S-plus-L-35	false
sodium-valid-36	true
sodium-S-plus-L-36	false
sodium-valid-37	true
sodium-S-plus-L-37	false
sodium-valid-38	true
sodium-S-plus-L-38	false
sodium-valid-39	true
sodium-S-plus-L-39	false
sodium-valid-40	true
sodium-S-plus-L-40	false
sodium-valid-41	true
sodium-S-plus-L-41	false
sodium-valid-42	true
sodium-S-plus-L-42	false
sodium-valid-43	true
sodium-S-plus-L-43	false
sodium-valid-44	true
sodium-S-plus-L-44	false
sodium-valid-45	true
sodium-S-plus-L-45	false
sodium-valid-46	true
sodium-S-plus-L-46	false
sodium-valid-47	true
sodium-S-plus-L-47	false
sodium-valid-48	true
sodium-S-plus-L-48	false
sodium-valid-49	true
sodium-S-plus-L-49	false
sodium-valid-50	true
sodium-S-plus-L-50	false
sodium-valid-51	true
sodium-S-plus-L-51	false
sodium-valid-52	true
sodium-S-plus-L-52	false
sodium-valid-53	true
sodium-S-plus-L-53	false
sodium-valid-54	true
sodium-S-plus-L-54	false
sodium-valid-55	true
sodium-S-plus-L-55	false
sodium-valid-56	true
sodium-S-plus-L-56	false
sodium-valid-57	true
sodium-S-plus-L-57	false
sodium-valid-58	true
sodium-S-plus-L-58	false
sodium-valid-59	true
sodium-S-plus-L-59	false
sodium-valid-60	true
sodium-S-plus-L-60	false
sodium-valid-61	true
sodium-S-plus-L-61	false
sodium-valid-62	true
sodium-S-plus-L-62	false
sodium-valid-63	true
sodium-S-plus-L-63	false
sodium-valid-64	true
sodium-S-plus-L-64	false
sodium-valid-65	true
sodium-S-plus-L-65	false
sodium-valid-66	true
sodium-S-plus-L-66	false
sodium-valid-67	true
sodium-S-plus-L-67	false
sodium-valid-68	true
sodium-S-plus-L-68	false
sodium-valid-69	true
sodium-S-plus-L-69	false
sodium-valid-70	true
sodium-S-plus-L-70	false
sodium-valid-71	true
sodium-S-plus-L-71	false
sodium-valid-72	true
sodium-S-plus-L-72	false
sodium-valid-73	true
sodium-S-plus-L-73	false
sodium-valid-74	true
sodium-S-plus-L-74	false
sodium-valid-75	true
sodium-S-plus-L-75	false
sodium-valid-76	true
sodium-S-plus-L-76	false
sodium-valid-77	true
sodium-S-plus-L-77	false
sodium-valid-78	true
sodium-S-plus-L-78	false
sodium-valid-79	true
sodium-S-plus-L-79	false
sodium-valid-80	true
sodium-S-plus-L-80	false
sodium-valid-81	true
sodium-S-plus-L-81	false
sodium-valid-82	true
sodium-S-plus-L-82	false
sodium-valid-83	true
sodium-S-plus-L-83	false
sodium-valid-84	true
sodium-S-plus-L-84	false
sodium-valid-85	true
sodium-S-plus-L-85	false
sodium-valid-86	true
sodium-S-plus-L-86	false
sodium-valid-87	true
sodium-S-plus-L-87	false
sodium-valid-88	true
sodium-S-plus-L-88	false
sodium-valid-89	true
sodium-S-plus-L-89	false
sodium-valid-90	true
sodium-S-plus-L-90	false
sodium-valid-91	true
sodium-S-plus-L-91	false
sodium-valid-92	true
sodium-S-plus-L-92	false
sodium-valid-93	true
sodium-S-plus-L-93	false
sodium-valid-94	true
sodium-S-plus-L-94	false
sodium-valid-95	true
sodium-S-plus-L-95	false
sodium-valid-96	true
sodium-S-plus-L-96	false
sodium-valid-97	true
sodium-S-plus-L-97	false
sodium-valid-98	true
sodium-S-plus-L-98	false
sodium-valid-99	true
sodium-S-plus-L-99	false
sodium-valid-100	true
sodium-S-plus-L-100	false
sodium-valid-101	true
sodium-S-plus-L-101	false
sodium-valid-102	true
sodium-S-plus-L-102	false
sodium-valid-103	true
sodium-S-plus-L-103	false
sodium-valid-104	true
sodium-S-plus-L-104	false
sodium-valid-105	true
sodium-S-plus-L-105	false
sodium-valid-106	true
sodium-S-plus-L-106	false
sodium-valid-107	true
sodium-S-plus-L-107	false
sodium-valid-108	true
sodium-S-plus-L-108	false
sodium-valid-109	true
sodium-S-plus-L-109	false
sodium-valid-110	true
sodium-S-plus-L-110	false
sodium-valid-111	true
sodium-S-plus-L-111	false
sodium-valid-112	true
sodium-S-plus-L-112	false
sodium-valid-113	true
sodium-S-plus-L-113	false
sodium-valid-114	true
sodium-S-plus-L-114	false
sodium-valid-115	true
sodium-S-plus-L-115	false
sodium-valid-116	true
sodium-S-plus-L-116	false
sodium-valid-117	true
sodium-S-plus-L-117	false
sodium-valid-118	true
sodium-S-plus-L-118	false
sodium-valid-119	true
sodium-S-plus-L-119	false
sodium-valid-120	true
sodium-S-plus-L-120	false
sodium-valid-121	true
sodium-S-plus-L-121	false
sodium-valid-122	true
sodium-S-plus-L-122	false
sodium-valid-123	true
sodium-S-plus-L-123	false
sodium-valid-124	true
sodium-S-plus-L-124	false
sodium-valid-125	true
sodium-S-plus-L-125	false
sodium-valid-126	true
sodium-S-plus-L-126	false
sodium-valid-127	true
sodium-S-plus-L-127	false
sodium-valid-128	true
sodium-S-plus-L-128	false
sodium-valid-129	true
sodium-S-plus-L-129	false
sodium-valid-130	true
sodium-S-plus-L-130	false
sodium-valid-131	true
sodium-S-plus-L-131	false
sodium-valid-132	true
sodium-S-plus-L-132	false
sodium-valid-133	true
sodium-S-plus-L-133	false
sodium-valid-134	true
sodium-S-plus-L-134	false
sodium-valid-135	true
sodium-S-plus-L-135	false
sodium-valid-136	true
sodium-S-plus-L-136	false
sodium-valid-137	true
sodium-S-plus-L-137	false
sodium-valid-138	true
sodium-S-plus-L-138	false
sodium-valid-139	true
sodium-S-plus-L-139	false
sodium-valid-140	true
sodium-S-plus-L-140	false
sodium-valid-141	true
sodium-S-plus-L-141	false
sodium-valid-142	true
sodium-S-plus-L-142	false
sodium-valid-143	true
sodium-S-plus-L-143	false
sodium-valid-144	true
sodium-S-plus-L-144	false
sodium-valid-145	true
sodium-S-plus-L-145	false
sodium-valid-146	true
sodium-S-plus-L-146	false
sodium-valid-147	true
sodium-S-plus-L-147	false
sodium-valid-148	true
sodium-S-plus-L-148	false
sodium-valid-149	true
sodium-S-plus-L-149	false
sodium-valid-150	true
sodium-S-plus-L-150	false
sodium-valid-151	true
sodium-S-plus-L-151	false
sodium-valid-152	true
sodium-S-plus-L-152	false
sodium-valid-153	true
sodium-S-plus-L-153	false
sodium-valid-154	true
sodium-S-plus-L-154	false
sodium-valid-155	true
sodium-S-plus-L-155	false
sodium-valid-156	true
sodium-S-plus-L-156	false
sodium-valid-157	true
sodium-S-plus-L-157	false
sodium-valid-158	true
sodium-S-plus-L-158	false
sodium-valid-159	true
sodium-S-plus-L-159	false
sodium-valid-160	true
sodium-S-plus-L-160	false
sodium-valid-161	true
sodium-S-plus-L-161	false
sodium-valid-162	true
sodium-S-plus-L-162	false
sodium-valid-163	true
sodium-S-plus-L-163	false
sodium-valid-164	true
sodium-S-plus-L-164	false
sodium-valid-165	true
sodium-S-plus-L-165	false
sodium-valid-166	true
sodium-S-plus-L-166	false
sodium-valid-167	true
sodium-S-plus-L-167	false
sodium-valid-168	true
sodium-S-plus-L-168	false
sodium-valid-169	true
sodium-S-plus-L-169	false
sodium-valid-170	true
sodium-S-plus-L-170	false
sodium-valid-171	true
sodium-S-plus-L-171	false
sodium-valid-172	true
sodium-S-plus-L-172	false
sodium-valid-173	true
sodium-S-plus-L-173	false
sodium-valid-174	true
sodium-S-plus-L-174	false
sodium-valid-175	true
sodium-S-plus-L-175	false
sodium-valid-176	true
sodium-S-plus-L-176	false
sodium-valid-177	true
sodium-S-plus-L-177	false
sodium-valid-178	true
sodium-S-plus-L-178	false
sodium-valid-179	true
sodium-S-plus-L-179	false
sodium-valid-180	true
sodium-S-plus-L-180	false
sodium-valid-181	true
sodium-S-plus-L-181	false
sodium-valid-182	true
sodium-S-plus-L-182	false
sodium-valid-183	true
sodium-S-plus-L-183	false
sodium-valid-184	true
sodium-S-plus-L-184	false
sodium-valid-185	true
sodium-S-plus-L-185	false
sodium-valid-186	true
sodium-S-plus-L-186	false
sodium-valid-187	true
sodium-S-plus-L-187	false
sodium-valid-188	true
sodium-S-plus-L-188	false
sodium-valid-189	true
sodium-S-plus-L-189	false
sodium-valid-190	true
sodium-S-plus-L-190	false
sodium-valid-191	true
sodium-S-plus-L-191	false
sodium-valid-192	true
sodium-S-plus-L-192	false
sodium-valid-193	true
sodium-S-plus-L-193	false
sodium-valid-194	true
sodium-S-plus-L-194	false
sodium-valid-195	true
sodium-S-plus-L-195	false
sodium-valid-196	true
sodium-S-plus-L-196	false
sodium-valid-197	true
sodium-S-plus-L-197	false
sodium-valid-198	true
sodium-S-plus-L-198	false
sodium-valid-199	true
sodium-S-plus-L-199	false
sodium-valid-200	true
sodium-S-plus-L-200	false
sodium-valid-201	true
sodium-S-plus-L-201	false
sodium-valid-202	true
sodium-S-plus-L-202	false
sodium-valid-203	true
sodium-S-plus-L-203	false
sodium-valid-204	true
sodium-S-plus-L-204	false
sodium-valid-205	true
sodium-S-plus-L-205	false
sodium-valid-206	true
sodium-S-plus-L-206	false
sodium-valid-207	true
sodium-S-plus-L-207	false
sodium-valid-208	true
sodium-S-plus-L-208	false
sodium-valid-209	true
sodium-S-plus-L-209	false
sodium-valid-210	true
sodium-S-plus-L-210	false
sodium-valid-211	true
sodium-S-plus-L-211	false
sodium-valid-212	true
sodium-S-plus-L-212	false
sodium-valid-213	true
sodium-S-plus-L-213	false
sodium-valid-214	true
sodium-S-plus-L-214	false
sodium-valid-215	true
sodium-S-plus-L-215	false
sodium-valid-216	true
sodium-S-plus-L-216	false
sodium-valid-217	true
sodium-S-plus-L-217	false
sodium-valid-218	true
sodium-S-plus-L-218	false
sodium-valid-219	true
sodium-S-plus-L-219	false
sodium-valid-220	true
sodium-S-plus-L-220	false
sodium-valid-221	true
sodium-S-plus-L-221	false
sodium-valid-222	true
sodium-S-plus-L-222	false
sodium-valid-223	true
sodium-S-plus-L-223	false
sodium-valid-224	true
sodium-S-plus-L-224	false
sodium-valid-225	true
sodium-S-plus-L-225	false
sodium-valid-226	true
sodium-S-plus-L-226	false
sodium-valid-227	true
sodium-S-plus-L-227	false
sodium-valid-228	true
sodium-S-plus-L-228	false
sodium-valid-229	true
sodium-S-plus-L-229	false
sodium-valid-230	true
sodium-S-plus-L-230	false
sodium-valid-231	true
sodium-S-plus-L-231	false
sodium-valid-232	true
sodium-S-plus-L-232	false
sodium-valid-233	true
sodium-S-plus-L-233	false
sodium-valid-234	true
sodium-S-plus-L-234	false
sodium-valid-235	true
sodium-S-plus-L-235	false
sodium-valid-236	true
sodium-S-plus-L-236	false
sodium-valid-237	true
sodium-S-plus-L-237	false
sodium-valid-238	true
sodium-S-plus-L-238	false
sodium-valid-239	true
sodium-S-plus-L-239	false
sodium-valid-240	true
sodium-S-plus-L-240	false
sodium-valid-241	true
sodium-S-plus-L-241	false
sodium-valid-242	true
sodium-S-plus-L-242	false
sodium-valid-243	true
sodium-S-plus-L-243	false
sodium-valid-244	true
sodium-S-plus-L-244	false
sodium-valid-245	true
sodium-S-plus-L-245	false
sodium-valid-246	true
sodium-S-plus-L-246	false
sodium-valid-247	true
sodium-S-plus-L-247	false
sodium-valid-248	true
sodium-S-plus-L-248	false
sodium-valid-249	true
sodium-S-plus-L-249	false
sodium-valid-250	true
sodium-S-plus-L-250	false
sodium-valid-251	true
sodium-S-plus-L-251	false
sodium-valid-252	true
sodium-S-plus-L-252	false
sodium-valid-253	true
sodium-S-plus-L-253	false
sodium-valid-254	true
sodium-S-plus-L-254	false
sodium-valid-255	true
sodium-S-plus-L-255	false
sodium-valid-256	true
sodium-S-plus-L-256	false
sodium-valid-257	true
sodium-S-plus-L-257	false
sodium-valid-258	true
sodium-S-plus-L-258	false
sodium-valid-259	true
sodium-S-plus-L-259	false
sodium-valid-260	true
sodium-S-plus-L-260	false
sodium-valid-261	true
sodium-S-plus-L-261	false
sodium-valid-262	true
sodium-S-plus-L-262	false
sodium-valid-263	true
sodium-S-plus-L-263	false
sodium-valid-264	true
sodium-S-plus-L-264	false
sodium-valid-265	true
sodium-S-plus-L-265	false
sodium-valid-266	true
sodium-S-plus-L-266	false
sodium-valid-267	true
sodium-S-plus-L-267	false
sodium-valid-268	true
sodium-S-plus-L-268	false
sodium-valid-269	true
sodium-S-plus-L-269	false
sodium-valid-270	true
sodium-S-plus-L-270	false
sodium-valid-271	true
sodium-S-plus-L-271	false
sodium-valid-272	true
sodium-S-plus-L-272	false
sodium-valid-273	true
sodium-S-plus-L-273	false
sodium-valid-274	true
sodium-S-plus-L-274	false
sodium-valid-275	true
sodium-S-plus-L-275	false
sodium-valid-276	true
sodium-S-plus-L-276	false
sodium-valid-277	true
sodium-S-plus-L-277	false
sodium-valid-278	true
sodium-S-plus-L-278	false
sodium-valid-279	true
sodium-S-plus-L-279	false
sodium-valid-280	true
sodium-S-plus-L-280	false
sodium-valid-281	true
sodium-S-plus-L-281	false
sodium-valid-282	true
sodium-S-plus-L-282	false
sodium-valid-283	true
sodium-S-plus-L-283	false
sodium-valid-284	true
sodium-S-plus-L-284	false
sodium-valid-285	true
sodium-S-plus-L-285	false
sodium-valid-286	true
sodium-S-plus-L-286	false
sodium-valid-287	true
sodium-S-plus-L-287	false
sodium-valid-288	true
sodium-S-plus-L-288	false
sodium-valid-289	true
sodium-S-plus-L-289	false
sodium-valid-290	true
sodium-S-plus-L-290	false
sodium-valid-291	true
sodium-S-plus-L-291	false
sodium-valid-292	true
sodium-S-plus-L-292	false
sodium-valid-293	true
sodium-S-plus-L-293	false
sodium-valid-294	true
sodium-S-plus-L-294	false
sodium-valid-295	true
sodium-S-plus-L-295	false
sodium-valid-296	true
sodium-S-plus-L-296	false
sodium-valid-297	true
sodium-S-plus-L-297	false
sodium-valid-298	true
sodium-S-plus-L-298	false
sodium-valid-299	true
sodium-S-plus-L-299	false
sodium-valid-300	true
sodium-S-plus-L-300	false
sodium-valid-301	true
sodium-S-plus-L-301	false
sodium-valid-302	true
sodium-S-plus-L-302	false
sodium-valid-303	true
sodium-S-plus-L-303	false
sodium-valid-304	true
sodium-S-plus-L-304	false
sodium-valid-305	true
sodium-S-plus-L-305	false
sodium-valid-306	true
sodium-S-plus-L-306	false
sodium-valid-307	true
sodium-S-plus-L-307	false
sodium-valid-308	true
sodium-S-plus-L-308	false
sodium-valid-309	true
sodium-S-plus-L-309	false
sodium-valid-310	true
sodium-S-plus-L-310	false
sodium-valid-311	true
sodium-S-plus-L-311	false
sodium-valid-312	true
sodium-S-plus-L-312	false
sodium-valid-313	true
sodium-S-plus-L-313	false
sodium-valid-314	true
sodium-S-plus-L-314	false
sodium-valid-315	true
sodium-S-plus-L-315	false
sodium-valid-316	true
sodium-S-plus-L-316	false
sodium-valid-317	true
sodium-S-plus-L-317	false
sodium-valid-318	true
sodium-S-plus-L-318	false
sodium-valid-319	true
sodium-S-plus-L-319	false
sodium-valid-320	true
sodium-S-plus-L-320	false
sodium-valid-321	true
sodium-S-plus-L-321	false
sodium-valid-322	true
sodium-S-plus-L-322	false
sodium-valid-323	true
sodium-S-plus-L-323	false
sodium-valid-324	true
sodium-S-plus-L-324	false
sodium-valid-325	true
sodium-S-plus-L-325	false
sodium-valid-326	true
sodium-S-plus-L-326	false
sodium-valid-327	true
sodium-S-plus-L-327	false
sodium-valid-328	true
sodium-S-plus-L-328	false
sodium-valid-329	true
sodium-S-plus-L-329	false
sodium-valid-330	true
sodium-S-plus-L-330	false
sodium-valid-331	true
sodium-S-plus-L-331	false
sodium-valid-332	true
sodium-S-plus-L-332	false
sodium-valid-333	true
sodium-S-plus-L-333	false
sodium-valid-334	true
sodium-S-plus-L-334	false
sodium-valid-335	true
sodium-S-plus-L-335	false
sodium-valid-336	true
sodium-S-plus-L-336	false
sodium-valid-337	true
sodium-S-plus-L-337	false
sodium-valid-338	true
sodium-S-plus-L-338	false
sodium-valid-339	true
sodium-S-plus-L-339	false
sodium-valid-340	true
sodium-S-plus-L-340	false
sodium-valid-341	true
sodium-S-plus-L-341	false
sodium-valid-342	true
sodium-S-plus-L-342	false
sodium-valid-343	true
sodium-S-plus-L-343	false
sodium-valid-344	true
sodium-S-plus-L-344	false
sodium-valid-345	true
sodium-S-plus-L-345	false
sodium-valid-346	true
sodium-S-plus-L-346	false
sodium-valid-347	true
sodium-S-plus-L-347	false
sodium-valid-348	true
sodium-S-plus-L-348	false
sodium-valid-349	true
sodium-S-plus-L-349	false
sodium-valid-350	true
sodium-S-plus-L-350	false
sodium-valid-351	true
sodium-S-plus-L-351	false
sodium-valid-352	true
sodium-S-plus-L-352	false
sodium-valid-353	true
sodium-S-plus-L-353	false
sodium-valid-354	true
sodium-S-plus-L-354	false
sodium-valid-355	true
sodium-S-plus-L-355	false
sodium-valid-356	true
sodium-S-plus-L-356	false
sodium-valid-357	true
sodium-S-plus-L-357	false
sodium-valid-358	true
sodium-S-plus-L-358	false
sodium-valid-359	true
sodium-S-plus-L-359	false
sodium-valid-360	true
sodium-S-plus-L-360	false
sodium-valid-361	true
sodium-S-plus-L-361	false
sodium-valid-362	true
sodium-S-plus-L-362	false
sodium-valid-363	true
sodium-S-plus-L-363	false
sodium-valid-364	true
sodium-S-plus-L-364	false
sodium-valid-365	true
sodium-S-plus-L-365	false
sodium-valid-366	true
sodium-S-plus-L-366	false
sodium-valid-367	true
sodium-S-plus-L-367	false
sodium-valid-368	true
sodium-S-plus-L-368	false
sodium-valid-369	true
sodium-S-plus-L-369	false
sodium-valid-370	true
sodium-S-plus-L-370	false
sodium-valid-371	true
sodium-S-plus-L-371	false
sodium-valid-372	true
sodium-S-plus-L-372	false
sodium-valid-373	true
sodium-S-plus-L-373	false
sodium-valid-374	true
sodium-S-plus-L-374	false
sodium-valid-375	true
sodium-S-plus-L-375	false
sodium-valid-376	true
sodium-S-plus-L-376	false
sodium-valid-377	true
sodium-S-plus-L-377	false
sodium-valid-378	true
sodium-S-plus-L-378	false
sodium-valid-379	true
sodium-S-plus-L-379	false
sodium-valid-380	true
sodium-S-plus-L-380	false
sodium-valid-381	true
sodium-S-plus-L-381	false
sodium-valid-382	true
sodium-S-plus-L-382	false
sodium-valid-383	true
sodium-S-plus-L-383	false
sodium-valid-384	true
sodium-S-plus-L-384	false
sodium-valid-385	true
sodium-S-plus-L-385	false
sodium-valid-386	true
sodium-S-plus-L-386	false
sodium-valid-387	true
sodium-S-plus-L-387	false
sodium-valid-388	true
sodium-S-plus-L-388	false
sodium-valid-389	true
sodium-S-plus-L-389	false
sodium-valid-390	true
sodium-S-plus-L-390	false
sodium-valid-391	true
sodium-S-plus-L-391	false
sodium-valid-392	true
sodium-S-plus-L-392	false
sodium-valid-393	true
sodium-S-plus-L-393	false
sodium-valid-394	true
sodium-S-plus-L-394	false
sodium-valid-395	true
sodium-S-plus-L-395	false
sodium-valid-396	true
sodium-S-plus-L-396	false
sodium-valid-397	true
sodium-S-plus-L-397	false
sodium-valid-398	true
sodium-S-plus-L-398	false
sodium-valid-399	true
sodium-S-plus-L-399	false
sodium-valid-400	true
sodium-S-plus-L-400	false
sodium-valid-401	true
sodium-S-plus-L-401	false
sodium-valid-402	true
sodium-S-plus-L-402	false
sodium-valid-403	true
sodium-S-plus-L-403	false
sodium-valid-404	true
sodium-S-plus-L-404	false
sodium-valid-405	true
sodium-S-plus-L-405	false
sodium-valid-406	true
sodium-S-plus-L-406	false
sodium-valid-407	true
sodium-S-plus-L-407	false
sodium-valid-408	true
sodium-S-plus-L-408	false
sodium-valid-409	true
sodium-S-plus-L-409	false
sodium-valid-410	true
sodium-S-plus-L-410	false
sodium-valid-411	true
sodium-S-plus-L-411	false
sodium-valid-412	true
sodium-S-plus-L-412	false
sodium-valid-413	true
sodium-S-plus-L-413	false
sodium-valid-414	true
sodium-S-plus-L-414	false
sodium-valid-415	true
sodium-S-plus-L-415	false
sodium-valid-416	true
sodium-S-plus-L-416	false
sodium-valid-417	true
sodium-S-plus-L-417	false
sodium-valid-418	true
sodium-S-plus-L-418	false
sodium-valid-419	true
sodium-S-plus-L-419	false
sodium-valid-420	true
sodium-S-plus-L-420	false
sodium-valid-421	true
sodium-S-plus-L-421	false
sodium-valid-422	true
sodium-S-plus-L-422	false
sodium-valid-423	true
sodium-S-plus-L-423	false
sodium-valid-424	true
sodium-S-plus-L-424	false
sodium-valid-425	true
sodium-S-plus-L-425	false
sodium-valid-426	true
sodium-S-plus-L-426	false
sodium-valid-427	true
sodium-S-plus-L-427	false
sodium-valid-428	true
sodium-S-plus-L-428	false
sodium-valid-429	true
sodium-S-plus-L-429	false
sodium-valid-430	true
sodium-S-plus-L-430	false
sodium-valid-431	true
sodium-S-plus-L-431	false
sodium-valid-432	true
sodium-S-plus-L-432	false
sodium-valid-433	true
sodium-S-plus-L-433	false
sodium-valid-434	true
sodium-S-plus-L-434	false
sodium-valid-435	true
sodium-S-plus-L-435	false
sodium-valid-436	true
sodium-S-plus-L-436	false
sodium-valid-437	true
sodium-S-plus-L-437	false
sodium-valid-438	true
sodium-S-plus-L-438	false
sodium-valid-439	true
sodium-S-plus-L-439	false
sodium-valid-440	true
sodium-S-plus-L-440	false
sodium-valid-441	true
sodium-S-plus-L-441	false
sodium-valid-442	true
sodium-S-plus-L-442	false
sodium-valid-443	true
sodium-S-plus-L-443	false
sodium-valid-444	true
sodium-S-plus-L-444	false
sodium-valid-445	true
sodium-S-plus-L-445	false
sodium-valid-446	true
sodium-S-plus-L-446	false
sodium-valid-447	true
sodium-S-plus-L-447	false
sodium-valid-448	true
sodium-S-plus-L-448	false
sodium-valid-449	true
sodium-S-plus-L-449	false
sodium-valid-450	true
sodium-S-plus-L-450	false
sodium-valid-451	true
sodium-S-plus-L-451	false
sodium-valid-452	true
sodium-S-plus-L-452	false
sodium-valid-453	true
sodium-S-plus-L-453	false
sodium-valid-454	true
sodium-S-plus-L-454	false
sodium-valid-455	true
sodium-S-plus-L-455	false
sodium-valid-456	true
sodium-S-plus-L-456	false
sodium-valid-457	true
sodium-S-plus-L-457	false
sodium-valid-458	true
sodium-S-plus-L-458	false
sodium-valid-459	true
sodium-S-plus-L-459	false
sodium-valid-460	true
sodium-S-plus-L-460	false
sodium-valid-461	true
sodium-S-plus-L-461	false
sodium-valid-462	true
sodium-S-plus-L-462	false
sodium-valid-463	true
sodium-S-plus-L-463	false
sodium-valid-464	true
sodium-S-plus-L-464	false
sodium-valid-465	true
sodium-S-plus-L-465	false
sodium-valid-466	true
sodium-S-plus-L-466	false
sodium-valid-467	true
sodium-S-plus-L-467	false
sodium-valid-468	true
sodium-S-plus-L-468	false
sodium-valid-469	true
sodium-S-plus-L-469	false
sodium-valid-470	true
sodium-S-plus-L-470	false
sodium-valid-471	true
sodium-S-plus-L-471	false
sodium-valid-472	true
sodium-S-plus-L-472	false
sodium-valid-473	true
sodium-S-plus-L-473	false
sodium-valid-474	true
sodium-S-plus-L-474	false
sodium-valid-475	true
sodium-S-plus-L-475	false
sodium-valid-476	true
sodium-S-plus-L-476	false
sodium-valid-477	true
sodium-S-plus-L-477	false
sodium-valid-478	true
sodium-S-plus-L-478	false
sodium-valid-479	true
sodium-S-plus-L-479	false
sodium-valid-480	true
sodium-S-plus-L-480	false
sodium-valid-481	true
sodium-S-plus-L-481	false
sodium-valid-482	true
sodium-S-plus-L-482	false
sodium-valid-483	true
sodium-S-plus-L-483	false
sodium-valid-484	true
sodium-S-plus-L-484	false
sodium-valid-485	true
sodium-S-plus-L-485	false
sodium-valid-486	true
sodium-S-plus-L-486	false
sodium-valid-487	true
sodium-S-plus-L-487	false
sodium-valid-488	true
sodium-S-plus-L-488	false
sodium-valid-489	true
sodium-S-plus-L-489	false
sodium-valid-490	true
sodium-S-plus-L-490	false
sodium-valid-491	true
sodium-S-plus-L-491	false
sodium-valid-492	true
sodium-S-plus-L-492	false
sodium-valid-493	true
sodium-S-plus-L-493	false
sodium-valid-494	true
sodium-S-plus-L-494	false
sodium-valid-495	true
sodium-S-plus-L-495	false
sodium-valid-496	true
sodium-S-plus-L-496	false
sodium-valid-497	true
sodium-S-plus-L-497	false
sodium-valid-498	true
sodium-S-plus-L-498	false
sodium-valid-499	true
sodium-S-plus-L-499	false
sodium-valid-500	true
sodium-S-plus-L-500	false
sodium-valid-501	true
sodium-S-plus-L-501	false
sodium-valid-502	true
sodium-S-plus-L-502	false
sodium-valid-503	true
sodium-S-plus-L-503	false
sodium-valid-504	true
sodium-S-plus-L-504	false
sodium-valid-505	true
sodium-S-plus-L-505	false
sodium-valid-506	true
sodium-S-plus-L-506	false
sodium-valid-507	true
sodium-S-plus-L-507	false
sodium-valid-508	true
sodium-S-plus-L-508	false
sodium-valid-509	true
sodium-S-plus-L-509	false
sodium-valid-510	true
sodium-S-plus-L-510	false
sodium-valid-511	true
sodium-S-plus-L-511	false
sodium-valid-512	true
sodium-S-plus-L-512	false
sodium-valid-513	true
sodium-S-plus-L-513	false
sodium-valid-514	true
sodium-S-plus-L-514	false
sodium-valid-515	true
sodium-S-plus-L-515	false
sodium-valid-516	true
sodium-S-plus-L-516	false
sodium-valid-517	true
sodium-S-plus-L-517	false
sodium-valid-518	true
sodium-S-plus-L-518	false
sodium-valid-519	true
sodium-S-plus-L-519	false
sodium-valid-520	true
sodium-S-plus-L-520	false
sodium-valid-521	true
sodium-S-plus-L-521	false
sodium-valid-522	true
sodium-S-plus-L-522	false
sodium-valid-523	true
sodium-S-plus-L-523	false
sodium-valid-524	true
sodium-S-plus-L-524	false
sodium-valid-525	true
sodium-S-plus-L-525	false
sodium-valid-526	true
sodium-S-plus-L-526	false
sodium-valid-527	true
sodium-S-plus-L-527	false
sodium-valid-528	true
sodium-S-plus-L-528	false
sodium-valid-529	true
sodium-S-plus-L-529	false
sodium-valid-530	true
sodium-S-plus-L-530	false
sodium-valid-531	true
sodium-S-plus-L-531	false
sodium-valid-532	true
sodium-S-plus-L-532	false
sodium-valid-533	true
sodium-S-plus-L-533	false
sodium-valid-534	true
sodium-S-plus-L-534	false
sodium-valid-535	true
sodium-S-plus-L-535	false
sodium-valid-536	true
sodium-S-plus-L-536	false
sodium-valid-537	true
sodium-S-plus-L-537	false
sodium-valid-538	true
sodium-S-plus-L-538	false
sodium-valid-539	true
sodium-S-plus-L-539	false
sodium-valid-540	true
sodium-S-plus-L-540	false
sodium-valid-541	true
sodium-S-plus-L-541	false
sodium-valid-542	true
sodium-S-plus-L-542	false
sodium-valid-543	true
sodium-S-plus-L-543	false
sodium-valid-544	true
sodium-S-plus-L-544	false
sodium-valid-545	true
sodium-S-plus-L-545	false
sodium-valid-546	true
sodium-S-plus-L-546	false
sodium-valid-547	true
sodium-S-plus-L-547	false
sodium-valid-548	true
sodium-S-plus-L-548	false
sodium-valid-549	true
sodium-S-plus-L-549	false
sodium-valid-550	true
sodium-S-plus-L-550	false
sodium-valid-551	true
sodium-S-plus-L-551	false
sodium-valid-552	true
sodium-S-plus-L-552	false
sodium-valid-553	true
sodium-S-plus-L-553	false
sodium-valid-554	true
sodium-S-plus-L-554	false
sodium-valid-555	true
sodium-S-plus-L-555	false
sodium-valid-556	true
sodium-S-plus-L-556	false
sodium-valid-557	true
sodium-S-plus-L-557	false
sodium-valid-558	true
sodium-S-plus-L-558	false
sodium-valid-559	true
sodium-S-plus-L-559	false
sodium-valid-560	true
sodium-S-plus-L-560	false
sodium-valid-561	true
sodium-S-plus-L-561	false
sodium-valid-562	true
sodium-S-plus-L-562	false
sodium-valid-563	true
sodium-S-plus-L-563	false
sodium-valid-564	true
sodium-S-plus-L-564	false
sodium-valid-565	true
sodium-S-plus-L-565	false
sodium-valid-566	true
sodium-S-plus-L-566	false
sodium-valid-567	true
sodium-S-plus-L-567	false
sodium-valid-568	true
sodium-S-plus-L-568	false
sodium-valid-569	true
sodium-S-plus-L-569	false
sodium-valid-570	true
sodium-S-plus-L-570	false
sodium-valid-571	true
sodium-S-plus-L-571	false
sodium-valid-572	true
sodium-S-plus-L-572	false
sodium-valid-573	true
sodium-S-plus-L-573	false
sodium-valid-574	true
sodium-S-plus-L-574	false
sodium-valid-575	true
sodium-S-plus-L-575	false
sodium-valid-576	true
sodium-S-plus-L-576	false
sodium-valid-577	true
sodium-S-plus-L-577	false
sodium-valid-578	true
sodium-S-plus-L-578	false
sodium-valid-579	true
sodium-S-plus-L-579	false
sodium-valid-580	true
sodium-S-plus-L-580	false
sodium-valid-581	true
sodium-S-plus-L-581	false
sodium-valid-582	true
sodium-S-plus-L-582	false
sodium-valid-583	true
sodium-S-plus-L-583	false
sodium-valid-584	true
sodium-S-plus-L-584	false
sodium-valid-585	true
sodium-S-plus-L-585	false
sodium-valid-586	true
sodium-S-plus-L-586	false
sodium-valid-587	true
sodium-S-plus-L-587	false
sodium-valid-588	true
sodium-S-plus-L-588	false
sodium-valid-589	true
sodium-S-plus-L-589	false
sodium-valid-590	true
sodium-S-plus-L-590	false
sodium-valid-591	true
sodium-S-plus-L-591	false
sodium-valid-592	true
sodium-S-plus-L-592	false
sodium-valid-593	true
sodium-S-plus-L-593	false
sodium-valid-594	true
sodium-S-plus-L-594	false
sodium-valid-595	true
sodium-S-plus-L-595	false
sodium-valid-596	true
sodium-S-plus-L-596	false
sodium-valid-597	true
sodium-S-plus-L-597	false
sodium-valid-598	true
sodium-S-plus-L-598	false
sodium-valid-599	true
sodium-S-plus-L-599	false
sodium-valid-600	true
sodium-S-plus-L-600	false
sodium-valid-601	true
sodium-S-plus-L-601	false
sodium-valid-602	true
sodium-S-plus-L-602	false
sodium-valid-603	true
sodium-S-plus-L-603	false
sodium-valid-604	true
sodium-S-plus-L-604	false
sodium-valid-605	true
sodium-S-plus-L-605	false
sodium-valid-606	true
sodium-S-plus-L-606	false
sodium-valid-607	true
sodium-S-plus-L-607	false
sodium-valid-608	true
sodium-S-plus-L-608	false
sodium-valid-609	true
sodium-S-plus-L-609	false
sodium-valid-610	true
sodium-S-plus-L-610	false
sodium-valid-611	true
sodium-S-plus-L-611	false
sodium-valid-612	true
sodium-S-plus-L-612	false
sodium-valid-613	true
sodium-S-plus-L-613	false
sodium-valid-614	true
sodium-S-plus-L-614	false
sodium-valid-615	true
sodium-S-plus-L-615	false
sodium-valid-616	true
sodium-S-plus-L-616	false
sodium-valid-617	true
sodium-S-plus-L-617	false
sodium-valid-618	true
sodium-S-plus-L-618	false
sodium-valid-619	true
sodium-S-plus-L-619	false
sodium-valid-620	true
sodium-S-plus-L-620	false
sodium-valid-621	true
sodium-S-plus-L-621	false
sodium-valid-622	true
sodium-S-plus-L-622	false
sodium-valid-623	true
sodium-S-plus-L-623	false
sodium-valid-624	true
sodium-S-plus-L-624	false
sodium-valid-625	true
sodium-S-plus-L-625	false
sodium-valid-626	true
sodium-S-plus-L-626	false
sodium-valid-627	true
sodium-S-plus-L-627	false
sodium-valid-628	true
sodium-S-plus-L-628	false
sodium-valid-629	true
sodium-S-plus-L-629	false
sodium-valid-630	true
sodium-S-plus-L-630	false
sodium-valid-631	true
sodium-S-plus-L-631	false
sodium-valid-632	true
sodium-S-plus-L-632	false
sodium-valid-633	true
sodium-S-plus-L-633	false
sodium-valid-634	true
sodium-S-plus-L-634	false
sodium-valid-635	true
sodium-S-plus-L-635	false
sodium-valid-636	true
sodium-S-plus-L-636	false
sodium-valid-637	true
sodium-S-plus-L-637	false
sodium-valid-638	true
sodium-S-plus-L-638	false
sodium-valid-639	true
sodium-S-plus-L-639	false
sodium-valid-640	true
sodium-S-plus-L-640	false
sodium-valid-641	true
sodium-S-plus-L-641	false
sodium-valid-642	true
sodium-S-plus-L-642	false
sodium-valid-643	true
sodium-S-plus-L-643	false
sodium-valid-644	true
sodium-S-plus-L-644	false
sodium-valid-645	true
sodium-S-plus-L-645	false
sodium-valid-646	true
sodium-S-plus-L-646	false
sodium-valid-647	true
sodium-S-plus-L-647	false
sodium-valid-648	true
sodium-S-plus-L-648	false
sodium-valid-649	true
sodium-S-plus-L-649	false
sodium-valid-650	true
sodium-S-plus-L-650	false
sodium-valid-651	true
sodium-S-plus-L-651	false
sodium-valid-652	true
sodium-S-plus-L-652	false
sodium-valid-653	true
sodium-S-plus-L-653	false
sodium-valid-654	true
sodium-S-plus-L-654	false
sodium-valid-655	true
sodium-S-plus-L-655	false
sodium-valid-656	true
sodium-S-plus-L-656	false
sodium-valid-657	true
sodium-S-plus-L-657	false
sodium-valid-658	true
sodium-S-plus-L-658	false
sodium-valid-659	true
sodium-S-plus-L-659	false
sodium-valid-660	true
sodium-S-plus-L-660	false
sodium-valid-661	true
sodium-S-plus-L-661	false
sodium-valid-662	true
sodium-S-plus-L-662	false
sodium-valid-663	true
sodium-S-plus-L-663	false
sodium-valid-664	true
sodium-S-plus-L-664	false
sodium-valid-665	true
sodium-S-plus-L-665	false
sodium-valid-666	true
sodium-S-plus-L-666	false
sodium-valid-667	true
sodium-S-plus-L-667	false
sodium-valid-668	true
sodium-S-plus-L-668	false
sodium-valid-669	true
sodium-S-plus-L-669	false
sodium-valid-670	true
sodium-S-plus-L-670	false
sodium-valid-671	true
sodium-S-plus-L-671	false
sodium-valid-672	true
sodium-S-plus-L-672	false
sodium-valid-673	true
sodium-S-plus-L-673	false
sodium-valid-674	true
sodium-S-plus-L-674	false
sodium-valid-675	true
sodium-S-plus-L-675	false
sodium-valid-676	true
sodium-S-plus-L-676	false
sodium-valid-677	true
sodium-S-plus-L-677	false
sodium-valid-678	true
sodium-S-plus-L-678	false
sodium-valid-679	true
sodium-S-plus-L-679	false
sodium-valid-680	true
sodium-S-plus-L-680	false
sodium-valid-681	true
sodium-S-plus-L-681	false
sodium-valid-682	true
sodium-S-plus-L-682	false
sodium-valid-683	true
sodium-S-plus-L-683	false
sodium-valid-684	true
sodium-S-plus-L-684	false
sodium-valid-685	true
sodium-S-plus-L-685	false
sodium-valid-686	true
sodium-S-plus-L-686	false
sodium-valid-687	true
sodium-S-plus-L-687	false
sodium-valid-688	true
sodium-S-plus-L-688	false
sodium-valid-689	true
sodium-S-plus-L-689	false
sodium-valid-690	true
sodium-S-plus-L-690	false
sodium-valid-691	true
sodium-S-plus-L-691	false
sodium-valid-692	true
sodium-S-plus-L-692	false
sodium-valid-693	true
sodium-S-plus-L-693	false
sodium-valid-694	true
sodium-S-plus-L-694	false
sodium-valid-695	true
sodium-S-plus-L-695	false
sodium-valid-696	true
sodium-S-plus-L-696	false
sodium-valid-697	true
sodium-S-plus-L-697	false
sodium-valid-698	true
sodium-S-plus-L-698	false
sodium-valid-699	true
sodium-S-plus-L-699	false
sodium-valid-700	true
sodium-S-plus-L-700	false
sodium-valid-701	true
sodium-S-plus-L-701	false
sodium-valid-702	true
sodium-S-plus-L-702	false
sodium-valid-703	true
sodium-S-plus-L-703	false
sodium-valid-704	true
sodium-S-plus-L-704	false
sodium-valid-705	true
sodium-S-plus-L-705	false
sodium-valid-706	true
sodium-S-plus-L-706	false
sodium-valid-707	true
sodium-S-plus-L-707	false
sodium-valid-708	true
sodium-S-plus-L-708	false
sodium-valid-709	true
sodium-S-plus-L-709	false
sodium-valid-710	true
sodium-S-plus-L-710	false
sodium-valid-711	true
sodium-S-plus-L-711	false
sodium-valid-712	true
sodium-S-plus-L-712	false
sodium-valid-713	true
sodium-S-plus-L-713	false
sodium-valid-714	true
sodium-S-plus-L-714	false
sodium-valid-715	true
sodium-S-plus-L-715	false
sodium-valid-716	true
sodium-S-plus-L-716	false
sodium-valid-717	true
sodium-S-plus-L-717	false
sodium-valid-718	true
sodium-S-plus-L-718	false
sodium-valid-719	true
sodium-S-plus-L-719	false
sodium-valid-720	true
sodium-S-plus-L-720	false
sodium-valid-721	true
sodium-S-plus-L-721	false
sodium-valid-722	true
sodium-S-plus-L-722	false
sodium-valid-723	true
sodium-S-plus-L-723	false
sodium-valid-724	true
sodium-S-plus-L-724	false
sodium-valid-725	true
sodium-S-plus-L-725	false
sodium-valid-726	true
sodium-S-plus-L-726	false
sodium-valid-727	true
sodium-S-plus-L-727	false
sodium-valid-728	true
sodium-S-plus-L-728	false
sodium-valid-729	true
sodium-S-plus-L-729	false
sodium-valid-730	true
sodium-S-plus-L-730	false
sodium-valid-731	true
sodium-S-plus-L-731	false
sodium-valid-732	true
sodium-S-plus-L-732	false
sodium-valid-733	true
sodium-S-plus-L-733	false
sodium-valid-734	true
sodium-S-plus-L-734	false
sodium-valid-735	true
sodium-S-plus-L-735	false
sodium-valid-736	true
sodium-S-plus-L-736	false
sodium-valid-737	true
sodium-S-plus-L-737	false
sodium-valid-738	true
sodium-S-plus-L-738	false
sodium-valid-739	true
sodium-S-plus-L-739	false
sodium-valid-740	true
sodium-S-plus-L-740	false
sodium-valid-741	true
sodium-S-plus-L-741	false
sodium-valid-742	true
sodium-S-plus-L-742	false
sodium-valid-743	true
sodium-S-plus-L-743	false
sodium-valid-744	true
sodium-S-plus-L-744	false
sodium-valid-745	true
sodium-S-plus-L-745	false
sodium-valid-746	true
sodium-S-plus-L-746	false
sodium-valid-747	true
sodium-S-plus-L-747	false
sodium-valid-748	true
sodium-S-plus-L-748	false
sodium-valid-749	true
sodium-S-plus-L-749	false
sodium-valid-750	true
sodium-S-plus-L-750	false
sodium-valid-751	true
sodium-S-plus-L-751	false
sodium-valid-752	true
sodium-S-plus-L-752	false
sodium-valid-753	true
sodium-S-plus-L-753	false
sodium-valid-754	true
sodium-S-plus-L-754	false
sodium-valid-755	true
sodium-S-plus-L-755	false
sodium-valid-756	true
sodium-S-plus-L-756	false
sodium-valid-757	true
sodium-S-plus-L-757	false
sodium-valid-758	true
sodium-S-plus-L-758	false
sodium-valid-759	true
sodium-S-plus-L-759	false
sodium-valid-760	true
sodium-S-plus-L-760	false
sodium-valid-761	true
sodium-S-plus-L-761	false
sodium-valid-762	true
sodium-S-plus-L-762	false
sodium-valid-763	true
sodium-S-plus-L-763	false
sodium-valid-764	true
sodium-S-plus-L-764	false
sodium-valid-765	true
sodium-S-plus-L-765	false
sodium-valid-766	true
sodium-S-plus-L-766	false
sodium-valid-767	true
sodium-S-plus-L-767	false
sodium-valid-768	true
sodium-S-plus-L-768	false
sodium-valid-769	true
sodium-S-plus-L-769	false
sodium-valid-770	true
sodium-S-plus-L-770	false
sodium-valid-771	true
sodium-S-plus-L-771	false
sodium-valid-772	true
sodium-S-plus-L-772	false
sodium-valid-773	true
sodium-S-plus-L-773	false
sodium-valid-774	true
sodium-S-plus-L-774	false
sodium-valid-775	true
sodium-S-plus-L-775	false
sodium-valid-776	true
sodium-S-plus-L-776	false
sodium-valid-777	true
sodium-S-plus-L-777	false
sodium-valid-778	true
sodium-S-plus-L-778	false
sodium-valid-779	true
sodium-S-plus-L-779	false
sodium-valid-780	true
sodium-S-plus-L-780	false
sodium-valid-781	true
sodium-S-plus-L-781	false
sodium-valid-782	true
sodium-S-plus-L-782	false
sodium-valid-783	true
sodium-S-plus-L-783	false
sodium-valid-784	true
sodium-S-plus-L-784	false
sodium-valid-785	true
sodium-S-plus-L-785	false
sodium-valid-786	true
sodium-S-plus-L-786	false
sodium-valid-787	true
sodium-S-plus-L-787	false
sodium-valid-788	true
sodium-S-plus-L-788	false
sodium-valid-789	true
sodium-S-plus-L-789	false
sodium-valid-790	true
sodium-S-plus-L-790	false
sodium-valid-791	true
sodium-S-plus-L-791	false
sodium-valid-792	true
sodium-S-plus-L-792	false
sodium-valid-793	true
sodium-S-plus-L-793	false
sodium-valid-794	true
sodium-S-plus-L-794	false
sodium-valid-795	true
sodium-S-plus-L-795	false
sodium-valid-796	true
sodium-S-plus-L-796	false
sodium-valid-797	true
sodium-S-plus-L-797	false
sodium-valid-798	true
sodium-S-plus-L-798	false
sodium-valid-799	true
sodium-S-plus-L-799	false
sodium-valid-800	true
sodium-S-plus-L-800	false
sodium-valid-801	true
sodium-S-plus-L-801	false
sodium-valid-802	true
sodium-S-plus-L-802	false
sodium-valid-803	true
sodium-S-plus-L-803	false
sodium-valid-804	true
sodium-S-plus-L-804	false
sodium-valid-805	true
sodium-S-plus-L-805	false
sodium-valid-806	true
sodium-S-plus-L-806	false
sodium-valid-807	true
sodium-S-plus-L-807	false
sodium-valid-808	true
sodium-S-plus-L-808	false
sodium-valid-809	true
sodium-S-plus-L-809	false
sodium-valid-810	true
sodium-S-plus-L-810	false
sodium-valid-811	true
sodium-S-plus-L-811	false
sodium-valid-812	true
sodium-S-plus-L-812	false
sodium-valid-813	true
sodium-S-plus-L-813	false
sodium-valid-814	true
sodium-S-plus-L-814	false
sodium-valid-815	true
sodium-S-plus-L-815	false
sodium-valid-816	true
sodium-S-plus-L-816	false
sodium-valid-817	true
sodium-S-plus-L-817	false
sodium-valid-818	true
sodium-S-plus-L-818	false
sodium-valid-819	true
sodium-S-plus-L-819	false
sodium-valid-820	true
sodium-S-plus-L-820	false
sodium-valid-821	true
sodium-S-plus-L-821	false
sodium-valid-822	true
sodium-S-plus-L-822	false
sodium-valid-823	true
sodium-S-plus-L-823	false
sodium-valid-824	true
sodium-S-plus-L-824	false
sodium-valid-825	true
sodium-S-plus-L-825	false
sodium-valid-826	true
sodium-S-plus-L-826	false
sodium-valid-827	true
sodium-S-plus-L-827	false
sodium-valid-828	true
sodium-S-plus-L-828	false
sodium-valid-829	true
sodium-S-plus-L-829	false
sodium-valid-830	true
sodium-S-plus-L-830	false
sodium-valid-831	true
sodium-S-plus-L-831	false
sodium-valid-832	true
sodium-S-plus-L-832	false
sodium-valid-833	true
sodium-S-plus-L-833	false
sodium-valid-834	true
sodium-S-plus-L-834	false
sodium-valid-835	true
sodium-S-plus-L-835	false
sodium-valid-836	true
sodium-S-plus-L-836	false
sodium-valid-837	true
sodium-S-plus-L-837	false
sodium-valid-838	true
sodium-S-plus-L-838	false
sodium-valid-839	true
sodium-S-plus-L-839	false
sodium-valid-840	true
sodium-S-plus-L-840	false
sodium-valid-841	true
sodium-S-plus-L-841	false
sodium-valid-842	true
sodium-S-plus-L-842	false
sodium-valid-843	true
sodium-S-plus-L-843	false
sodium-valid-844	true
sodium-S-plus-L-844	false
sodium-valid-845	true
sodium-S-plus-L-845	false
sodium-valid-846	true
sodium-S-plus-L-846	false
sodium-valid-847	true
sodium-S-plus-L-847	false
sodium-valid-848	true
sodium-S-plus-L-848	false
sodium-valid-849	true
sodium-S-plus-L-849	false
sodium-valid-850	true
sodium-S-plus-L-850	false
sodium-valid-851	true
sodium-S-plus-L-851	false
sodium-valid-852	true
sodium-S-plus-L-852	false
sodium-valid-853	true
sodium-S-plus-L-853	false
sodium-valid-854	true
sodium-S-plus-L-854	false
sodium-valid-855	true
sodium-S-plus-L-855	false
sodium-valid-856	true
sodium-S-plus-L-856	false
sodium-valid-857	true
sodium-S-plus-L-857	false
sodium-valid-858	true
sodium-S-plus-L-858	false
sodium-valid-859	true
sodium-S-plus-L-859	false
sodium-valid-860	true
sodium-S-plus-L-860	false
sodium-valid-861	true
sodium-S-plus-L-861	false
sodium-valid-862	true
sodium-S-plus-L-862	false
sodium-valid-863	true
sodium-S-plus-L-863	false
sodium-valid-864	true
sodium-S-plus-L-864	false
sodium-valid-865	true
sodium-S-plus-L-865	false
sodium-valid-866	true
sodium-S-plus-L-866	false
sodium-valid-867	true
sodium-S-plus-L-867	false
sodium-valid-868	true
sodium-S-plus-L-868	false
sodium-valid-869	true
sodium-S-plus-L-869	false
sodium-valid-870	true
sodium-S-plus-L-870	false
sodium-valid-871	true
sodium-S-plus-L-871	false
sodium-valid-872	true
sodium-S-plus-L-872	false
sodium-valid-873	true
sodium-S-plus-L-873	false
sodium-valid-874	true
sodium-S-plus-L-874	false
sodium-valid-875	true
sodium-S-plus-L-875	false
sodium-valid-876	true
sodium-S-plus-L-876	false
sodium-valid-877	true
sodium-S-plus-L-877	false
sodium-valid-878	true
sodium-S-plus-L-878	false
sodium-valid-879	true
sodium-S-plus-L-879	false
sodium-valid-880	true
sodium-S-plus-L-880	false
sodium-valid-881	true
sodium-S-plus-L-881	false
sodium-valid-882	true
sodium-S-plus-L-882	false
sodium-valid-883	true
sodium-S-plus-L-883	false
sodium-valid-884	true
sodium-S-plus-L-884	false
sodium-valid-885	true
sodium-S-plus-L-885	false
sodium-valid-886	true
sodium-S-plus-L-886	false
sodium-valid-887	true
sodium-S-plus-L-887	false
sodium-valid-888	true
sodium-S-plus-L-888	false
sodium-valid-889	true
sodium-S-plus-L-889	false
sodium-valid-890	true
sodium-S-plus-L-890	false
sodium-valid-891	true
sodium-S-plus-L-891	false
sodium-valid-892	true
sodium-S-plus-L-892	false
sodium-valid-893	true
sodium-S-plus-L-893	false
sodium-valid-894	true
sodium-S-plus-L-894	false
sodium-valid-895	true
sodium-S-plus-L-895	false
sodium-valid-896	true
sodium-S-plus-L-896	false
sodium-valid-897	true
sodium-S-plus-L-897	false
sodium-valid-898	true
sodium-S-plus-L-898	false
sodium-valid-899	true
sodium-S-plus-L-899	false
sodium-valid-900	true
sodium-S-plus-L-900	false
sodium-valid-901	true
sodium-S-plus-L-901	false
sodium-valid-902	true
sodium-S-plus-L-902	false
sodium-valid-903	true
sodium-S-plus-L-903	false
sodium-valid-904	true
sodium-S-plus-L-904	false
sodium-valid-905	true
sodium-S-plus-L-905	false
sodium-valid-906	true
sodium-S-plus-L-906	false
sodium-valid-907	true
sodium-S-plus-L-907	false
sodium-valid-908	true
sodium-S-plus-L-908	false
sodium-valid-909	true
sodium-S-plus-L-909	false
sodium-valid-910	true
sodium-S-plus-L-910	false
sodium-valid-911	true
sodium-S-plus-L-911	false
sodium-valid-912	true
sodium-S-plus-L-912	false
sodium-valid-913	true
sodium-S-plus-L-913	false
sodium-valid-914	true
sodium-S-plus-L-914	false
sodium-valid-915	true
sodium-S-plus-L-915	false
sodium-valid-916	true
sodium-S-plus-L-916	false
sodium-valid-917	true
sodium-S-plus-L-917	false
sodium-valid-918	true
sodium-S-plus-L-918	false
sodium-valid-919	true
sodium-S-plus-L-919	false
sodium-valid-920	true
sodium-S-plus-L-920	false
sodium-valid-921	true
sodium-S-plus-L-921	false
sodium-valid-922	true
sodium-S-plus-L-922	false
sodium-valid-923	true
sodium-S-plus-L-923	false
sodium-valid-924	true
sodium-S-plus-L-924	false
sodium-valid-925	true
sodium-S-plus-L-925	false
sodium-valid-926	true
sodium-S-plus-L-926	false
sodium-valid-927	true
sodium-S-plus-L-927	false
sodium-valid-928	true
sodium-S-plus-L-928	false
sodium-valid-929	true
sodium-S-plus-L-929	false
sodium-valid-930	true
sodium-S-plus-L-930	false
sodium-valid-931	true
sodium-S-plus-L-931	false
sodium-valid-932	true
sodium-S-plus-L-932	false
sodium-valid-933	true
sodium-S-plus-L-933	false
sodium-valid-934	true
sodium-S-plus-L-934	false
sodium-valid-935	true
sodium-S-plus-L-935	false
sodium-valid-936	true
sodium-S-plus-L-936	false
sodium-valid-937	true
sodium-S-plus-L-937	false
sodium-valid-938	true
sodium-S-plus-L-938	false
sodium-valid-939	true
sodium-S-plus-L-939	false
sodium-valid-940	true
sodium-S-plus-L-940	false
sodium-valid-941	true
sodium-S-plus-L-941	false
sodium-valid-942	true
sodium-S-plus-L-942	false
sodium-valid-943	true
sodium-S-plus-L-943	false
sodium-valid-944	true
sodium-S-plus-L-944	false
sodium-valid-945	true
sodium-S-plus-L-945	false
sodium-valid-946	true
sodium-S-plus-L-946	false
sodium-valid-947	true
sodium-S-plus-L-947	false
sodium-valid-948	true
sodium-S-plus-L-948	false
sodium-valid-949	true
sodium-S-plus-L-949	false
sodium-valid-950	true
sodium-S-plus-L-950	false
sodium-valid-951	true
sodium-S-plus-L-951	false
sodium-valid-952	true
sodium-S-plus-L-952	false
sodium-valid-953	true
sodium-S-plus-L-953	false
sodium-valid-954	true
sodium-S-plus-L-954	false
sodium-valid-955	true
sodium-S-plus-L-955	false
sodium-valid-956	true
sodium-S-plus-L-956	false
sodium-valid-957	true
sodium-S-plus-L-957	false
sodium-valid-958	true
sodium-S-plus-L-958	false
sodium-valid-959	true
sodium-S-plus-L-959	false
sodium-valid-960	true
sodium-S-plus-L-960	false
sodium-valid-961	true
sodium-S-plus-L-961	false
sodium-valid-962	true
sodium-S-plus-L-962	false
sodium-valid-963	true
sodium-S-plus-L-963	false
sodium-valid-964	true
sodium-S-plus-L-964	false
sodium-valid-965	true
sodium-S-plus-L-965	false
sodium-valid-966	true
sodium-S-plus-L-966	false
sodium-valid-967	true
sodium-S-plus-L-967	false
sodium-valid-968	true
sodium-S-plus-L-968	false
sodium-valid-969	true
sodium-S-plus-L-969	false
sodium-valid-970	true
sodium-S-plus-L-970	false
sodium-valid-971	true
sodium-S-plus-L-971	false
sodium-valid-972	true
sodium-S-plus-L-972	false
sodium-valid-973	true
sodium-S-plus-L-973	false
sodium-valid-974	true
sodium-S-plus-L-974	false
sodium-valid-975	true
sodium-S-plus-L-975	false
sodium-valid-976	true
sodium-S-plus-L-976	false
sodium-valid-977	true
sodium-S-plus-L-977	false
sodium-valid-978	true
sodium-S-plus-L-978	false
sodium-valid-979	true
sodium-S-plus-L-979	false
sodium-valid-980	true
sodium-S-plus-L-980	false
sodium-valid-981	true
sodium-S-plus-L-981	false
sodium-valid-982	true
sodium-S-plus-L-982	false
sodium-valid-983	true
sodium-S-plus-L-983	false
sodium-valid-984	true
sodium-S-plus-L-984	false
sodium-valid-985	true
sodium-S-plus-L-985	false
sodium-valid-986	true
sodium-S-plus-L-986	false
sodium-valid-987	true
sodium-S-plus-L-987	false
sodium-valid-988	true
sodium-S-plus-L-988	false
sodium-valid-989	true
sodium-S-plus-L-989	false
sodium-valid-990	true
sodium-S-plus-L-990	false
sodium-valid-991	true
sodium-S-plus-L-991	false
sodium-valid-992	true
sodium-S-plus-L-992	false
sodium-valid-993	true
sodium-S-plus-L-993	false
sodium-valid-994	true
sodium-S-plus-L-994	false
sodium-valid-995	true
sodium-S-plus-L-995	false
sodium-valid-996	true
sodium-S-plus-L-996	false
sodium-valid-997	true
sodium-S-plus-L-997	false
sodium-valid-998	true
sodium-S-plus-L-998	false
sodium-valid-999	true
sodium-S-plus-L-999	false
sodium-valid-1000	true
sodium-S-plus-L-1000	false
sodium-valid-1001	true
sodium-S-plus-L-1001	false
sodium-valid-1002	true
sodium-S-plus-L-1002	false
sodium-valid-1003	true
sodium-S-plus-L-1003	false
sodium-valid-1004	true
sodium-S-plus-L-1004	false
sodium-valid-1005	true
sodium-S-plus-L-1005	false
sodium-valid-1006	true
sodium-S-plus-L-1006	false
sodium-valid-1007	true
sodium-S-plus-L-1007	false
sodium-valid-1008	true
sodium-S-plus-L-1008	false
sodium-valid-1009	true
sodium-S-plus-L-1009	false
sodium-valid-1010	true
sodium-S-plus-L-1010	false
sodium-valid-1011	true
sodium-S-plus-L-1011	false
sodium-valid-1012	true
sodium-S-plus-L-1012	false
sodium-valid-1013	true
sodium-S-plus-L-1013	false
sodium-valid-1014	true
sodium-S-plus-L-1014	false
sodium-valid-1015	true
sodium-S-plus-L-1015	false
sodium-valid-1016	true
sodium-S-plus-L-1016	false
sodium-valid-1017	true
sodium-S-plus-L-1017	false
sodium-valid-1018	true
sodium-S-plus-L-1018	false
sodium-valid-1019	true
sodium-S-plus-L-1019	false
sodium-valid-1020	true
sodium-S-plus-L-1020	false
sodium-valid-1021	true
sodium-S-plus-L-1021	false
sodium-valid-1022	true
sodium-S-plus-L-1022	false
sodium-valid-1023	true
sodium-S-plus-L-1023	false
speccheck-0	false
speccheck-1	false
speccheck-2	false
speccheck-3	true
speccheck-4	false
speccheck-5	false
speccheck-6	false
speccheck-7	false
speccheck-8	false
speccheck-9	false
speccheck-10	false
speccheck-11	false
wycheproof-1	true
wycheproof-2	true
wycheproof-3	true
wycheproof-4	true
wycheproof-5	true
wycheproof-6	true
wycheproof-7	true
wycheproof-8	true
wycheproof-9	true
wycheproof-10	false
wycheproof-11	false
wycheproof-12	false
wycheproof-13	false
wycheproof-14	false
wycheproof-15	false
wycheproof-16	false
wycheproof-17	false
wycheproof-18	false
wycheproof-19	false
wycheproof-20	false
wycheproof-21	false
wycheproof-22	false
wycheproof-23	false
wycheproof-24	false
wycheproof-25	false
wycheproof-26	false
wycheproof-27	false
wycheproof-28	false
wycheproof-29	false
wycheproof-30	NotRunMalformedLength
wycheproof-31	NotRunMalformedLength
wycheproof-32	NotRunMalformedLength
wycheproof-33	NotRunMalformedLength
wycheproof-34	NotRunMalformedLength
wycheproof-35	NotRunMalformedLength
wycheproof-36	NotRunMalformedLength
wycheproof-37	NotRunMalformedLength
wycheproof-38	NotRunMalformedLength
wycheproof-39	NotRunMalformedLength
wycheproof-40	NotRunMalformedLength
wycheproof-41	NotRunMalformedLength
wycheproof-42	false
wycheproof-43	false
wycheproof-44	false
wycheproof-45	false
wycheproof-46	false
wycheproof-47	false
wycheproof-48	false
wycheproof-49	false
wycheproof-50	false
wycheproof-51	false
wycheproof-52	false
wycheproof-53	false
wycheproof-54	false
wycheproof-55	false
wycheproof-56	false
wycheproof-57	false
wycheproof-58	false
wycheproof-59	false
wycheproof-60	false
wycheproof-61	false
wycheproof-62	false
wycheproof-63	false
wycheproof-64	false
wycheproof-65	false
wycheproof-66	false
wycheproof-67	false
wycheproof-68	false
wycheproof-69	false
wycheproof-70	false
wycheproof-71	true
wycheproof-72	true
wycheproof-73	true
wycheproof-74	true
wycheproof-75	true
wycheproof-76	true
wycheproof-77	true
wycheproof-78	true
wycheproof-79	true
wycheproof-80	true
wycheproof-81	true
wycheproof-82	true
wycheproof-83	true
wycheproof-84	true
wycheproof-85	false
wycheproof-86	true
wycheproof-87	true
wycheproof-88	true
wycheproof-89	true
wycheproof-90	true
wycheproof-91	true
wycheproof-92	true
wycheproof-93	true
wycheproof-94	true
wycheproof-95	true
wycheproof-96	true
wycheproof-97	true
wycheproof-98	true
wycheproof-99	true
wycheproof-100	true
wycheproof-101	true
wycheproof-102	true
wycheproof-103	true
wycheproof-104	true
wycheproof-105	true
wycheproof-106	true
wycheproof-107	true
wycheproof-108	true
wycheproof-109	true
wycheproof-110	true
wycheproof-111	true
wycheproof-112	true
wycheproof-113	true
wycheproof-114	true
wycheproof-115	true
wycheproof-116	true
wycheproof-117	true
wycheproof-118	true
wycheproof-119	true
wycheproof-120	true
wycheproof-121	true
wycheproof-122	true
wycheproof-123	true
wycheproof-124	true
wycheproof-125	true
wycheproof-126	true
wycheproof-127	true
wycheproof-128	true
wycheproof-129	true
wycheproof-130	true
wycheproof-131	true
wycheproof-132	true
wycheproof-133	true
wycheproof-134	true
wycheproof-135	true
wycheproof-136	true
wycheproof-137	true
wycheproof-138	true
wycheproof-139	true
wycheproof-140	true
wycheproof-141	true
wycheproof-142	true
wycheproof-143	true
wycheproof-144	true
wycheproof-145	true
wycheproof-146	true
wycheproof-147	true
wycheproof-148	true
wycheproof-149	true
wycheproof-150	true
wycheproof-151	false
amaru-shelley-fixture-event-1-witness-0	true
amaru-shelley-fixture-event-2-witness-0	true
amaru-shelley-fixture-event-2-witness-1	true
amaru-value-fixture-event-1-witness-0	true
amaru-value-fixture-event-1-witness-1	true
amaru-value-fixture-event-2-witness-0	true
amaru-value-fixture-event-2-witness-1	true
amaru-value-fixture-event-2-witness-2	true
